date,bdi,capesize_index,panamax_index,supramax_index,coal_price_aus,iron_ore_price,bunker_fuel_price,china_steel_production,india_coal_import,port_congestion_vizag,port_congestion_paradip,vessel_orderbook,fleet_utilization,freight_rate_handysize,freight_rate_supramax,freight_rate_panamax,freight_rate_capesize
2022-01-01,1524.3863555463852,2265.963220832332,1599.6861101183504,1318.2965255202078,119.244360792463,110.21362399838982,542.529141978515,89.08412763326072,16.63659476404907,8.06544527630604,0.34547597073036496,69.72099830582292,0.850064454355619,25953.42994821435,31043.49034219331,35367.49499122571,59000.52972792321
2022-01-02,1576.3509213138357,2094.187075833344,1581.4516497786094,1261.121922361131,122.97873389916637,111.77110295131001,544.3179797070911,91.71559570513736,16.262837839045314,5.678099070384187,4.8678608215792885,65.1133085395518,0.8049270341332474,25103.09698965622,30105.959636584852,34948.32843763251,56839.644560965746
2022-01-03,1592.4760246186627,2039.976220525886,1570.1586244970472,1330.776754255823,116.0506201038551,112.79510973492974,540.7684701767089,92.05073412190546,13.396839958816274,9.199239420809079,1.3371723818271644,67.93225530029468,0.8167869741140834,26164.538599646054,31338.719242941817,34939.510714647426,56142.462148707724
2022-01-04,1549.1277772477533,2100.8639720587184,1648.2216558923483,1298.7977658415066,122.88648898081696,107.2714637802585,546.4322725210666,90.5443663537067,14.901397608995032,1.3792921775092903,4.097927297655658,66.50669737978252,0.8299373413219858,25652.044664493806,30826.98669728887,35918.636612441,56688.44418565131
2022-01-05,1629.4380802342318,2159.281836600205,1617.99582352787,1333.2099878158858,116.80012394951257,110.48667802370906,539.348508605171,92.36548422113293,14.818718776884364,9.743640204262835,0.04711218968401987,68.30589008004084,0.8118164780137505,25853.879869833112,31101.954349025586,35316.6894113988,57581.81680580762
2022-01-06,1546.812256183951,2196.5393380094747,1692.7403880615398,1199.8764816211308,119.75218406473621,108.64857727889382,533.800152324314,91.61177430956181,16.799574259723265,1.1644062098815966,1.399545869174271,65.63204696865024,0.8637375189036408,24729.95082035008,29511.033024535387,36330.894479024995,58554.58701634833
2022-01-07,1602.2846545997795,2216.9149727278773,1541.4021757005012,1187.7171768960175,120.78111857187444,106.138118761439,554.9898547859432,88.09253944795205,14.806336824575578,4.832099980794791,7.070486406751575,66.4235767555172,0.8745662774493592,24747.95423548683,29431.68817188624,35126.2659133108,58436.54786631214
2022-01-08,1564.5059788503575,2156.708585466463,1555.918605025466,1263.6545619158803,122.28780878258654,112.4069790695042,546.121926615848,93.75580095810702,15.133428496326536,1.2398555575950843,5.1160487735343505,64.3895648296108,0.8537426028376408,25549.922185777345,30487.12097994287,34928.249646258446,57841.24974421465
2022-01-09,1619.4116992106647,2022.6847794612813,1605.322562873715,1283.6142215337452,121.81100147194203,109.52812792077988,541.2414420051857,93.12251193608431,16.04500819534997,6.467851422522115,2.479338678145142,63.64065773296339,0.8800489009843032,25416.104574154644,30756.63940045617,35914.41604409994,55890.59983128085
2022-01-10,1617.532170441355,2021.1980013082787,1727.7975199069324,1338.3646541980897,120.84500166596253,106.95307879693338,540.3124584741497,88.12363335175857,13.939679751591953,5.5657666258506495,5.981518907751857,63.772174925016024,0.8844197211074312,26090.044879047076,31017.687175974534,36585.057836114385,55600.416595532675
2022-01-11,1568.5107061959125,2214.865805747533,1691.7308243952027,1259.376486876694,121.74190814858454,109.32812886147454,542.6731882797602,94.51159469080504,14.995489158748406,5.0830114912023365,0.6482462260033639,65.8255310744409,0.8764233952355179,25220.46264085712,31259.309326746534,36730.88475259171,58041.76553042167
2022-01-12,1645.2314897650824,1979.9748271696217,1724.144140390455,1354.6393086576456,121.2568023756095,109.4319771495516,557.1084035257674,85.68865107896724,14.78302191340458,1.8507341535040978,6.893036485981508,65.58097395612434,0.8759568745899144,26477.094261850536,31624.24230428308,36785.90390688568,56047.221557224904
2022-01-13,1531.2881671410548,2097.310269577604,1737.03890454606,1257.19151227847,118.85270846051718,102.63297674093087,522.2041958922069,91.24488188269007,15.886036230948331,5.317990675472607,6.232834792741107,66.5401847325176,0.8627345341001917,25252.64960202661,29844.66087700285,36208.83621704896,56408.14029168288
2022-01-14,1517.9815158669203,1875.2075898665462,1483.2037472658358,1219.0771904077608,114.15281844607237,114.52376263229647,531.6775800414287,92.56400984750289,16.767273938378473,5.909406555197215,3.9612175183948306,63.457366379743554,0.8344040961419849,24978.94062102643,29836.910357526882,33787.068421446376,53417.87443724076
2022-01-15,1592.1170502123157,2056.5941506099753,1628.8267424445078,1236.1058485206347,118.13600708250128,111.25223249436159,547.3657853583827,86.46649348576088,16.94596079872418,7.992604472250625,7.064760680815069,65.9525363184451,0.8495457474558401,25365.584621258364,30190.65225054815,36146.961847406776,56200.07302863798
2022-01-16,1603.9439494797107,2080.377607505578,1709.345362838878,1206.1291343091445,121.56303108739979,109.28324530769068,543.445523698949,88.45720722892199,16.04394511675617,2.808649552737398,2.4926331189707946,69.90507043072614,0.8903000215614949,24701.07347576628,30132.772878625226,36796.577037949915,55759.43673537077
2022-01-17,1532.7899782017466,2140.2905514568524,1605.7503278702866,1155.2729516799322,123.66442552173739,117.88372748754429,521.7970888126201,90.69505131904711,16.267398299020318,8.0129213179514,5.842955420247405,64.78988809537152,0.8641782719047587,24315.29610736664,28914.004988004086,35444.73665755503,57530.18784807882
2022-01-18,1591.765669086509,2207.492841253591,1556.7642130707347,1325.026096676423,120.28170052589125,108.7631229878916,553.899915114445,90.30193515430325,16.244848046904675,9.198054394966414,0.12079068768292789,66.30950176052389,0.8419060914159637,25925.05457289072,31282.735866853003,34346.1374791638,58616.8315102434
2022-01-19,1640.1954727063446,2227.8990719620865,1597.0981886717555,1341.9491015725143,112.01277293770163,109.64567775639915,577.3082117333295,91.1181992337106,14.080553634263534,2.9846473390174086,5.584741555520869,63.30838001650024,0.8629152260280134,26161.551267952014,31665.492890304646,35467.64351821291,59172.320774396285
2022-01-20,1570.221486197817,2094.4102435358386,1564.3517817186419,1219.2694267741554,122.70605983700085,105.30753716575518,553.1628256396397,90.89967944581042,16.01495250011447,8.15453483449961,4.295712571372583,63.283911976795416,0.8389081694447575,24720.6040261327,29813.091133455826,35215.03435493194,56665.660304591016
2022-01-21,1618.9407080939582,2114.1616446687794,1587.69092125721,1207.8791254714315,119.32578127954335,112.65912478462545,549.6513105044143,90.64446661303403,15.057518021726086,3.17425318965182,7.064407731504771,65.26166751155213,0.8609240063447167,24718.882377214446,29717.569891752435,35455.1393703708,56679.030353994865
2022-01-22,1688.5148631203751,2024.7012071565239,1681.957922459544,1282.1025069693474,126.31060906238491,116.83007703184047,557.383256261385,89.36847232303018,14.607053523861493,0.288013742950054,1.591196919494326,61.04120776307657,0.8527870754038983,25595.38526363685,30822.48913697468,36522.40024046432,56304.3077790011
2022-01-23,1604.881824916588,2000.9338569662118,1570.2052341872218,1362.9883021820729,118.30107409403323,119.97928624728567,574.537280185312,89.87916342238424,14.466947694881561,0.27083365511691326,5.635950219893954,65.28760704582707,0.8926406539346032,26530.011552425807,32011.113215460384,35618.636472156046,55368.54946840304
2022-01-24,1552.0771647646534,2265.489400362046,1678.6725397225723,1436.3685836762331,123.26904342566321,114.31834528854073,563.1800282079298,89.6878304064057,14.650772025512017,2.019248750962499,2.9463336008708065,64.13962700209683,0.870909029874925,27107.72972180267,32683.29636973975,36275.794741167956,60031.67540301956
2022-01-25,1652.7049279166652,2059.826276024617,1648.1871156993948,1258.2182288396284,126.1165122541222,116.517873314214,547.3277135783492,95.63402157825433,15.39049327514566,8.290678973562587,4.464083410149138,66.89113352390191,0.8850660121841526,25432.354462809988,29928.48518443427,36270.37967199281,56718.28213083106
2022-01-26,1612.8717864465348,2126.077260497328,1557.7938627444994,1164.663045429024,113.12400182085872,113.95795254301673,564.9615121525072,90.62157764117258,15.063597498689672,4.456631664187553,1.3328000720897455,67.10155217577346,0.8616317116707672,24098.41631946794,29791.535135243004,35511.690366802475,57771.53974411848
2022-01-27,1596.622477393365,2094.015444149311,1676.8347319189093,1249.150122756185,117.33898520341666,108.54290197409505,546.5903507306987,88.38720766417158,13.762977600651418,3.6049680695519637,7.331439617385675,66.65610360887854,0.8366424966698246,25380.419555139764,30372.999097529428,36682.05347579499,57147.28472900415
2022-01-28,1535.4171749855693,2136.7624482316664,1482.4678159057669,1392.6624514102627,128.43805499896064,105.3611382481854,541.1281798530981,90.95263319370764,13.311410200661278,8.072667937588427,7.240569281265128,64.07814148504397,0.8652807305389391,26577.15493845565,32231.195986788527,33801.3025526806,57177.14374172555
2022-01-29,1567.4007496590123,2207.0887646602378,1658.7177128700023,1400.4360760480129,119.74522863529654,109.04844549694918,550.4189882254557,91.18998491169404,16.62329254438202,9.254415678316786,2.3290109914280928,68.19375337547415,0.8624868555639821,26865.440745189077,32490.439816874183,36132.67176148327,58392.48282586904
2022-01-30,1634.813057042051,2081.9222755121846,1743.90605132605,1230.8032596800317,119.04739990794671,113.28845786248459,539.1827049273274,90.46788610479791,14.553541632576252,6.356537432712919,7.105477283934912,62.99223497706844,0.8527342814009748,25105.060536537447,29791.041230432525,36911.25491655919,56905.30429649706
2022-01-31,1553.255759224889,2154.746699924979,1479.7650059547304,1228.8068810123568,123.60739501166599,107.70540263833482,557.6956809043331,90.63612272049299,14.199963902108143,0.17564310269848726,2.0408533678133525,65.43732818890022,0.8611258842458154,24857.394023983303,29753.934683939122,34126.846061815595,57353.96353158253
2022-02-01,1615.2593695168396,2262.3596063098316,1676.9152208002783,1299.9630339737894,123.18484751734242,104.03951121516869,568.6630743326477,90.87959697256989,15.791884574858503,7.202753737866006,1.0010239488481503,69.06449728050944,0.9089721199185696,25653.93250181562,30910.20959656416,36317.8421479967,59128.99621417483
2022-02-02,1627.644608271727,2103.758150715119,1655.8603344738087,1354.9545753192915,117.28950625305382,106.2842052308029,545.2408744999141,91.12611014717002,15.13423721046169,1.6943493265965437,1.097750440032537,66.7847194081831,0.8993517776693176,26277.828480477005,31394.481069454672,36105.397546702094,57387.102552440076
2022-02-03,1598.0382755590565,2245.738630649686,1599.1952134623448,1273.6783415178572,115.17893938936112,107.64676306492494,553.9513610929946,89.96805850580789,17.08969017386247,6.550130940557644,1.3472944402487386,66.1453632658649,0.8873628838361203,25515.582208550768,30578.004765679754,35471.73307649506,59710.31905709883
2022-02-04,1672.7830525521035,2017.0628458786925,1681.5426509905749,1133.258931950482,120.07174916137818,113.39513521860042,538.561144843698,89.50210046634508,14.232712365853533,4.227256452840392,7.316546535070078,67.61145572450535,0.8679926452957014,24163.792885557054,29163.45912544132,35828.72537152936,55639.07771218477
2022-02-05,1601.804061594683,2200.9594967340377,1623.7696419352253,1321.952363411585,117.89301576783991,109.83076295957113,548.4344395219397,91.49199085801716,15.43013463090277,8.864411161258873,4.986947128789529,64.08557396065265,0.8565906071587533,26229.380761310997,31577.50577191812,35537.28500914772,58263.1982015185
2022-02-06,1626.3145445680723,2112.6916908356147,1542.1893325144401,1184.7052582048334,126.99709827283665,113.83272929598036,536.7171251510074,91.23745639127502,14.961458274519902,0.987326710683879,0.8738960987141047,67.4648520287325,0.8668246727479255,24340.83603274059,29637.61747888288,34342.98086731667,56855.0944770891
2022-02-07,1619.5295256088716,2099.618998493327,1561.4491757856085,1402.4603211779176,123.11701334325221,105.68543067188551,560.2980092279842,90.91139295677416,15.071463725856908,4.385771691915559,0.06062648200414511,66.75763800287972,0.8500872463621258,26745.746627905664,32127.36530622067,34521.3934187008,57147.274754799975
2022-02-08,1651.4465663626377,2106.381709094568,1597.7277587933347,1325.9190531281306,118.17757357415988,109.51562645099055,564.652092096299,91.67000621694226,14.624297691767177,7.536255313037207,5.587437005165532,68.39466773384598,0.8649079428167984,25887.831423488864,31164.398716895532,35485.217803651845,57029.1165075449
2022-02-09,1622.4230256446933,2031.1336409654807,1636.2163011281846,1396.8371119920264,119.58969574416916,113.5412163272717,530.7501457485938,90.58287960555037,13.547790966916647,2.373454745556862,7.470336018607231,68.58150721773536,0.8708909883207945,26551.15391530909,32232.651210764066,35643.281080110595,56257.10666145709
2022-02-10,1679.5738727253213,2316.380451496971,1557.0870422754224,1278.1764302451609,117.70294801269597,116.97405483687773,551.8873815826436,91.68614481591668,14.299286249573653,0.772202942537763,3.9909848106270376,70.37374094524975,0.8836865862864297,25840.846750118842,30431.168285377018,34730.42213547088,59733.94091975986
2022-02-11,1625.5069756500422,2193.9686513766374,1498.9738408260662,1274.251516982697,120.50944411204401,114.45722836552291,557.7316685838466,90.6384193925859,14.709368740917286,1.6517566315991306,2.895131462060937,67.08280506071047,0.8927501254419512,25142.67553160811,30516.049193650248,34300.780939355805,58449.78313904174
2022-02-12,1656.9713210071484,2095.6675410105345,1483.468049842306,1332.1862275086114,111.61535180387904,118.99610654545404,556.8613998110759,91.48664822273766,13.448015460026518,9.207214469161269,5.123107986234973,65.6256419747881,0.8500697834226492,25963.2845169663,31299.71591205789,34721.93437144729,57587.77316396293
2022-02-13,1572.5592641901537,2287.9689776631535,1628.0125165438048,1272.6499434791729,122.79705911445659,114.78406441557615,559.3413980699169,90.36015386517484,14.635594233774778,0.19065357323965082,7.834140786726907,64.86208208270186,0.8873663837771217,25264.973775265105,30404.306422420115,35686.86160261099,59480.79493786697
2022-02-14,1624.227858105792,2155.909623025803,1659.0103546657265,1277.1101453411632,113.53650300071693,112.10421724075007,542.4047153161266,92.1122942675994,14.512397463837697,1.0020248321998781,5.2907926369729,69.63801118325152,0.8617106855169416,25148.0232603772,30182.927607831833,36056.52515149955,56921.91631447625
2022-02-15,1546.0503097945734,2292.550111312316,1758.391851404366,1409.477063896404,110.90287969448744,110.86894990662445,520.6609351541844,87.50070635715818,15.467612347173398,3.9792961430958584,2.9288025260228556,65.38401779556216,0.8841042155777331,26553.966783437256,31961.892736870195,36795.08725870628,59845.342970965954
2022-02-16,1551.538031844757,2170.362839374401,1469.9863364356502,1188.5026366965521,113.61160587023285,115.26519737597077,549.0795686346738,93.10859304499965,15.050570316586661,1.3505012218543233,4.75901635900611,66.66390789878973,0.8696156512672396,24481.888477203644,29074.70966736868,33480.6012771612,58098.86919903937
2022-02-17,1598.5308654811713,2070.833869132609,1556.2490780910875,1333.4185066012742,118.22977707515841,110.79885152314372,550.2355841174907,93.46803759754012,13.137003574174882,2.0738013526210763,0.4595846512886643,68.59861848255403,0.8916839663676718,26025.07522035135,31109.943088791526,35206.65017814573,56557.91682973936
2022-02-18,1627.3865753356602,2049.5780863348427,1608.321707694885,1285.0905908901375,114.47535518330128,117.57821046000079,562.9227703735819,85.39804380444134,14.422235540760662,3.1563952274629448,5.146322052961793,67.21497023977128,0.8822912317005062,25904.707766503718,30580.894299814234,35508.05339389387,56867.02147582879
2022-02-19,1581.1722455275985,2189.7645621103406,1429.471522122792,1219.8958994478326,113.9972627367893,116.32550820009247,554.1342583905142,90.08456665419365,14.525872986008979,4.863102154106826,5.689992753704535,66.17699519439569,0.8631855106849624,25047.723186313302,30164.290970372993,33829.04901323063,58065.88703926377
2022-02-20,1682.3405856718161,2070.1510029897036,1841.9183131694083,1389.493842510499,119.72606521963415,107.10281444753087,561.3475258754505,89.95759223627377,16.349905154924258,1.667049317997149,1.9858004001128906,66.86901589659365,0.9250050548323836,26547.418384808025,32059.733070551087,38274.21065498397,57210.51825300971
2022-02-21,1587.9013588055043,2227.712810862721,1684.7055112506675,1260.192045859501,122.54405008585019,110.08066184808848,557.0279936019007,88.59856065978875,13.981884507511728,3.1677897364865992,0.3905813153514819,65.89855166680186,0.8944255824763537,25228.43997216928,30506.652089992083,35822.170846242974,58807.324821705486
2022-02-22,1591.623490697316,2043.630196995612,1562.9959169053318,1290.1465541357259,127.69404857386368,112.66203314648133,566.5489539237707,89.06240024579023,15.26633314823992,1.5600357071742632,6.216861578780301,63.029514257559256,0.9002219184874032,25584.560665376957,30952.146268732286,35274.2110820768,55834.269091813985
2022-02-23,1674.808124783179,2216.363735357905,1595.907346433981,1307.9588161355682,124.64249156942748,115.8493677073382,566.9830324072856,90.09874271797743,14.56044613586179,7.921612402970086,5.503212776275184,66.86604968577511,0.8616892956140557,25887.113835750515,30745.797655798513,35151.89741778642,58407.49948876823
2022-02-24,1622.4879547476153,2090.8398533779746,1823.0486766902827,1176.5890404731792,116.91994029886224,114.8018390918544,555.4370272059383,95.58136003345498,14.30226425059079,4.947837547361092,1.5131376451298184,67.99783616306843,0.8717898715245797,24670.980961110086,29219.318384148864,38083.049305429304,57284.18614010494
2022-02-25,1555.6920633827356,2113.7260385895875,1567.2859669255758,1188.3973557559138,115.94669765655136,107.6615794435843,546.1618710196848,92.27602272456208,14.673164790421277,2.48676869783085,5.71648985924857,63.89601789695529,0.8776431601489869,24421.760938263407,29326.833615912718,34651.365079813324,56438.556486910325
2022-02-26,1558.8141822130174,2126.600035360465,1772.8032696052635,1326.1797400828661,110.02756687066667,111.09007425353632,547.8753826111158,90.51746870397588,15.337460537370122,8.577228558026412,5.896829759574518,71.62073002521993,0.8846896455486161,25837.65494476683,31102.130387673584,37047.08416282714,56707.796993917524
2022-02-27,1602.4199884912277,1982.0481444688096,1496.3084081680975,1207.9550144850857,119.19153608209832,100.3093488163045,552.4765824675098,92.61906456889369,13.907308301235872,0.8336148076872518,2.00875088841644,66.80002872001059,0.8626100762146819,24828.199205535635,29528.674292270658,34405.93174190156,55027.47971254576
2022-02-28,1675.939387281399,2070.8677887031263,1750.8586750055645,1263.2871645854389,120.82311594296556,109.78440109824115,559.0793972398169,95.81186199680751,16.0485611421136,2.591611389812053,6.0035718261890905,65.42088314143095,0.8931442432518268,25216.747507209566,30561.9452135534,37109.324862839436,56759.54531041515
2022-03-01,1610.2240048711842,2210.8508237526985,1660.8369108906995,1310.5493665180256,123.434377413171,108.33179020415885,562.1121463487372,95.00976127385859,13.830825511470746,5.923522986242053,5.398145485724779,65.90509536110001,0.8889176892242685,26164.333445151446,31169.52843369514,35760.392042928026,59111.96015281827
2022-03-02,1558.68004431283,2127.024873513732,1561.5168339417455,1251.9451590649867,120.91063572759906,113.74428432027203,547.206743890459,87.52663449064033,14.462524944965253,2.111188403949841,1.8251964306577229,66.44579051670267,0.9078517188198891,25498.93179003631,30529.583754477004,34882.26843797304,57453.28049228134
2022-03-03,1607.4681359115486,2166.1051689628644,1665.658120571714,1283.8285668460337,130.53231965160163,109.90352265283751,576.2618740402071,94.57308064598428,14.667760637443994,3.908100801553991,2.788897097356295,65.19000687679825,0.90329475161569,25924.124969052133,31224.722256753714,36077.62534963672,58316.89055734559
2022-03-04,1622.5147510442785,2031.0224838891659,1588.5679973674728,1291.337241101644,120.57339839700158,112.00166653261485,542.1787841567552,89.22421601649626,15.803759466964433,7.99400759911422,7.547962456774934,68.07044609825708,0.8843290516227442,25593.224012904942,30775.247364245133,35085.63151438715,55547.20425171467
2022-03-05,1580.6014421686937,2047.2773762312838,1509.4891679572488,1227.2825661653658,118.56168978193594,111.6820993300376,539.4515174740641,90.80479806135017,15.007865273584654,8.16432796349656,6.483872748490684,68.52141646176429,0.8805507442776329,25093.592887201743,29654.299286563994,34027.879132241476,55586.754632679644
2022-03-06,1650.712339449948,2073.9115771519478,1636.7685486418236,1286.578167835302,119.55268095656862,105.28620343659388,607.5992461466085,92.24737922121749,14.020039577707115,5.995471371776566,0.3336555163227777,65.75295101172041,0.9061184884910506,25881.04779098112,31636.54241583835,36004.59242067345,57087.31578371736
2022-03-07,1618.427878976497,2158.253418913556,1611.8573387089023,1376.1393098365522,127.93111864598687,116.39347689634734,548.5766784873363,88.24489080340615,14.616487056107308,7.5536572828802475,7.371770213595764,67.06302714173904,0.9094066105110999,26504.513848814207,31951.44575460266,35147.173843933015,58083.03344455434
2022-03-08,1533.116962684962,2176.9634171844864,1719.6926226534656,1327.2349167504071,126.09462699121363,111.49854405076147,557.1836833612509,93.16371380576932,14.997681666926677,7.682653509816282,2.3013157007611698,67.2773770451401,0.8970932055771372,26023.07023991399,31267.546094536738,36768.147354870365,58132.2874349621
2022-03-09,1626.5624377603347,2162.026474750021,1691.2432668346983,1448.6314015353585,128.02985671692298,116.65585927058818,555.8939387528285,91.07016534550098,17.04457538329304,8.564499478697728,1.2215264826959817,67.79887996921178,0.899344966491108,27358.91857705737,32487.913250953312,36527.99516837261,57654.79453541241
2022-03-10,1627.2250195535478,2064.307212689481,1551.260557649162,1205.7061200434446,112.39916568344829,121.77279954409026,564.6566027173575,91.11006257724267,15.687273847959192,5.785360349837925,7.191953109082629,70.1606473863228,0.8646841561159502,24783.40910841639,29381.95979116082,34959.74748036625,56509.980388280834
2022-03-11,1610.3632318497862,2064.707093371573,1497.568340116975,1244.3143966246305,125.54012764591204,111.47989473536555,573.0321151105013,91.45467022340351,14.520762974122512,8.99506460777672,3.4433782857317183,66.20424371517196,0.9296031552577462,25671.541868686694,30580.06145664406,34096.76329755535,56667.167545813434
2022-03-12,1557.0657820972415,2124.3589520258415,1639.5749406116447,1323.768102053317,121.39032206650229,109.81080531873471,540.7846815053997,90.86372473109697,15.024800895572533,9.724818322149709,2.1245370918236626,67.40263887742627,0.9059353075688807,25676.80787586452,31370.772971057777,35629.18274586111,57042.94292429813
2022-03-13,1504.3279555363235,2151.199696371357,1732.7241419206466,1227.5202238734948,121.9446040268224,108.89946669405202,553.1596081641779,95.44836706714742,14.574851048218255,4.571514146546212,1.7515219292418704,65.93417269110064,0.8661003806429806,25320.19080875792,30034.37543093876,36303.99224037857,57646.91948267721
2022-03-14,1599.5408148015163,2220.793832987307,1588.500158634528,1318.764674138957,120.39707100015774,106.5825069226531,539.6012937913468,91.17882573501561,14.113638378283543,1.305831776051054,0.2778150953538612,71.29135847096934,0.8941879577374003,25941.09653503078,30913.75339812872,35420.43243067758,58853.7594873284
2022-03-15,1520.9896068712112,2105.866596871182,1764.9306571714533,1323.4507444123412,120.52966388717954,111.33403792620466,536.9442802082522,87.02048884857108,13.714770274636411,5.01935812388834,6.136154594473807,67.86419020597418,0.8775057824434742,25988.743575297878,31277.54286300474,36868.12520334479,56945.9027656245
2022-03-16,1486.203083887352,2021.7188476382398,1545.283424860523,1309.880815323691,117.6779196213988,109.69646775198613,551.5747431157631,89.6594286231428,14.294394113282571,3.088175962309335,3.7161984640684897,67.37443217815513,0.9005883641918542,25950.656248118798,30855.167202837645,34930.76871620418,55434.51760572719
2022-03-17,1636.7313408218954,2106.9731881872494,1642.6738607286586,1398.1468867593949,123.62826581646604,109.5976859613377,534.0552855937327,91.8905861867253,16.028077726055123,1.3567840245239249,7.065934912638448,68.87613302619259,0.914248405811881,26763.46507177318,31845.240719833746,35684.734924914956,56864.32553959027
2022-03-18,1497.4132462717378,2174.5105863259705,1551.8427137037138,1423.4868046907422,119.78903828038514,101.50030096119244,554.7367723649015,92.9178178581529,16.24836028602108,6.076919140183168,1.7698175022566351,69.54936703285804,0.8678300869613697,27080.25777071652,32629.070900920113,34758.10648047032,58637.63523914622
2022-03-19,1650.4981447241341,2315.600208565007,1619.688126545088,1288.0110391618557,123.19221475188579,112.86631677613707,558.025181712598,89.25623719282754,16.386646988222626,1.7036091913921902,5.969566869395002,67.16448438740143,0.9111671594473053,25901.8267463025,30810.777228102565,35434.88286451736,59713.78791675034
2022-03-20,1488.3593306256175,2024.2733086594717,1633.30836228191,1214.827240650747,120.5410276583982,112.52199644559349,542.2257531198347,89.73368069715781,13.419545859975674,0.24739219432839854,6.795938867279514,70.96702497039128,0.9199749881627333,24927.050233567224,30191.245721973628,35426.58411367241,55751.19134677391
2022-03-21,1577.2681771563757,1998.7609185013255,1635.558456123356,1262.434232595622,120.23029774402038,118.04320543310334,578.0228960311746,88.59844249224199,14.551687862074912,8.007443807308691,1.6493996366710642,68.98933569708221,0.8912225486738538,25587.205270412425,30955.759028920875,36161.65680711455,56028.560644564095
2022-03-22,1604.3334498886557,2208.8725988523106,1542.3936149041892,1354.920520010999,113.22260890656665,108.55927760474022,579.1169885434524,88.56693580500418,15.1543316266615,0.3177347313873302,5.687131453750965,68.36513948583399,0.9454034443506328,26544.455108044,31686.484927151334,34947.94993069566,58289.94237974815
2022-03-23,1541.4282125795655,2130.36588778505,1612.5303570236115,1241.5837017152421,124.01119221879776,109.7615505643724,563.1032903595224,91.6670590291379,15.851713986559849,3.0504180725147476,2.829110694171489,66.80779701610281,0.9021714803838339,25144.43335649072,30259.044337988405,35250.78102731012,57739.33669920406
2022-03-24,1554.5424749895426,2111.4473120970997,1679.395326390379,1275.3370633556685,128.7746485877584,118.47974785543654,533.4023706803553,91.7748078005675,15.789816310258153,8.918418713203899,7.8959935586597565,69.02526768856066,0.8815119462049276,25298.448451841094,30865.690682004115,36619.85792009323,57290.3664541658
2022-03-25,1528.695044234714,2207.680796574123,1625.253606885358,1321.685951415465,128.19495091126444,108.0027890206789,573.1377317148674,91.1578902352203,14.012761055969513,6.076686822897424,3.3179005322021577,67.08194040043263,0.9008744202814123,25831.08769785017,31284.582314511717,35837.93319768507,58945.57581190118
2022-03-26,1530.6617044757859,2271.615812045554,1567.5043632967286,1261.9417645987614,125.51849758496118,109.664210063035,560.3919211329803,90.42199943792289,13.400034508919228,3.8544983016441448,7.050830841209956,68.33573460989918,0.9084008619916294,25328.709377932413,30842.735377413148,35281.96727160412,59971.46013175167
2022-03-27,1610.181152294893,1968.0010884730875,1652.401184592904,1247.9283591332942,126.61842434921597,115.64144136556664,578.0700954650738,90.22237950079565,16.520767075501375,7.5363918539692945,4.807341589193798,67.81259766805552,0.9347023362667758,25518.125910267794,30413.338396636424,36852.80036779874,55479.39504543518
2022-03-28,1484.0930141802296,2290.001415761442,1556.1687009838545,1248.1223755981164,117.13874740119785,103.74121774207944,559.1226130307556,92.93414134906104,14.172282951936706,1.726306618487815,0.07644635964119928,70.45245975406304,0.8835178548268632,24789.954537383965,30541.27352924645,34725.547660643366,59758.99607632809
2022-03-29,1545.8081422753658,2009.9516291140837,1541.4254237205414,1279.4430878578,122.40788703311533,117.62966041322193,521.2380095599123,89.86138015096945,13.784486925288741,1.3467213958038726,1.512787635358194,67.9539437170426,0.902075841875872,25285.353129330324,30564.777953778223,34575.32419787315,55043.517858078085
2022-03-30,1562.166168932288,1962.0830689254406,1465.5618443913397,1248.044316160084,114.45456300798826,111.99733298697647,561.3558505715629,89.30759405215652,15.210124540715713,8.049186827263512,7.529366808687449,68.19717766563718,0.8753493886093948,25323.836279295134,30123.081650003125,34490.68603282681,55251.50418771423
2022-03-31,1602.409005208948,2137.548394357303,1555.3061767980134,1379.92085165474,129.30378609047807,113.88476209377266,548.7630485885843,92.66360123076845,14.353997590903582,9.851201221148813,7.948444914084004,65.25843939092493,0.8962946787327816,26646.221835946977,32240.10984582784,35001.13715539171,57520.83927011068
2022-04-01,1617.415219106156,2190.1321541563575,1584.9609477536524,1224.8045512388971,123.58966830981078,113.1430585170636,552.2836434554172,92.46063554678159,15.147389730485724,9.011597549879353,1.191708394757999,69.13450923446464,0.8731853540434528,24693.85290417526,30006.987304590137,35467.92535267765,58922.874212107425
2022-04-02,1605.755209485663,2109.780053510779,1559.218507069667,1277.543822055156,115.77063138432943,102.28539092556558,561.4614020744356,88.53483024089402,16.25837621109749,2.230995730484475,6.296759437863519,71.12285224900543,0.9003632648896531,25905.934361892476,30516.278496306095,34562.913186772326,57248.95931176788
2022-04-03,1581.3300085799006,2041.0077710770554,1590.8716736215988,1311.648794793905,124.84127375534361,111.25774872765987,535.6304596484549,91.76101869185361,15.686588415106474,8.651875689557206,2.2689146559684117,69.64132744072188,0.8946785127949116,25726.29016112381,30618.78039477977,35354.41364506755,55732.02772303178
2022-04-04,1610.7367815450282,2248.249376485839,1539.5086793108514,1241.0450439856895,117.0020271443328,112.83027322335323,554.5002083753928,89.9099939997735,17.210428570078832,6.8260092844773235,6.815198735858364,69.63501557560993,0.925296531490898,24916.649420068243,30324.172621315585,34692.436621931956,59328.17645158754
2022-04-05,1548.8657445217978,2143.245659250938,1671.4000713207497,1188.9207731101476,121.303310160784,112.97108518690857,549.9207300561249,91.17477483441496,15.426413900420362,1.364022722030226,4.912710849494509,66.39222742983154,0.8982291591040139,24825.03274724574,29507.19211154929,35950.51817690278,58019.48566126099
2022-04-06,1573.333249099786,2046.940850214054,1567.7314835393072,1241.2001466610805,130.86361756762753,106.79680704901357,554.4885113553081,90.4872623770421,15.971949669212249,5.4696436238409065,7.880277736950894,68.2861796399663,0.9328724999099104,25287.79740358077,30216.7774320667,35430.74498486964,55942.23612758146
2022-04-07,1639.955369755854,2268.0361450470546,1654.2878072793103,1308.5313526909713,122.92294761625273,114.01151814020218,570.2793195847318,87.6953333243054,15.189224632459936,0.6463088553389684,2.001875998771191,67.69145241031526,0.9052049310901467,26162.526608371172,31021.860606860926,36177.26577987318,59954.732283582925
2022-04-08,1529.584502402298,2038.1241129254695,1703.4262556673477,1231.1229957717273,123.91965516260939,113.62935157013304,570.2152126169927,91.06818626650329,14.762374130684096,3.150407197159497,3.8119334454826905,66.01360155572576,0.9230652727303981,25168.25444792024,30316.692698535826,36942.363922107004,56895.839182843876
2022-04-09,1599.9042362850196,2042.380356346066,1443.2829934600952,1321.98775488249,113.78837847317835,113.83149786376914,544.9118753446642,88.92740520595295,15.017885692549395,4.226691306275326,6.278036804886352,70.38388548423211,0.8960207463958687,25827.88379717477,31327.18199811175,33482.64304616128,55970.40761675473
2022-04-10,1598.6301076364377,2227.5417348825627,1608.9429206279976,1285.956171461932,124.47622956270206,104.82286634424258,558.9183070818347,89.99749297974397,16.03728734749631,7.6212720854333345,7.829238905800625,68.94128582346696,0.8959053544351064,26030.31022504659,30730.62194591639,35526.03176523859,59396.17959708561
2022-04-11,1530.7278679432548,2175.629453692477,1577.4741479331485,1215.167964234118,127.80898314102932,108.49501747658881,534.2707831856741,93.38201508688574,15.208581896369544,4.201679080454104,4.469046644347217,67.14908497261148,0.9047869060664182,24806.512953603546,29928.455277402096,34924.493250291845,58270.68984538548
2022-04-12,1576.5075856558499,2002.2831895432366,1640.6913123844154,1402.2386269098965,119.88648945752794,108.43728118900134,548.0880670684745,90.9377713853529,13.639982241408072,9.577170267707293,5.780352513522036,67.18813121228585,0.907711264148052,26948.680241388243,32461.977153240172,35879.03954631633,56168.410752978096
2022-04-13,1552.3127266978604,2165.3569592678778,1583.744894114756,1220.4112985450156,120.3509080307507,113.4617108244418,589.6718720850239,90.79899139202733,14.930326841724394,7.2367629499988535,5.891761210568914,66.91630287326679,0.8958581313091449,25209.244344313836,30275.907707819973,35699.526537838356,58997.39685281896
2022-04-14,1593.998558059041,1967.5654012880486,1632.1301169479862,1335.3685539692767,128.0040880315691,112.92986878317714,502.22173947326803,90.46771136599448,15.002884932326031,2.533645941898511,0.006440636458156845,67.30939615323122,0.8961536551012957,25993.333038431396,30878.790610664575,34823.970681795545,54397.07697562491
2022-04-15,1523.3859714948203,2291.756358337381,1575.0892821027514,1323.4108729643442,120.13723558049402,118.78228462034485,555.5967087183059,87.15597458398723,16.00101405192555,2.404480817884358,2.8676091546166873,70.21798370836376,0.9113027669957526,25904.750022240016,31393.77866164977,35486.166673708394,59148.423411483294
2022-04-16,1584.527785084392,2060.8714104365104,1493.0383090583352,1190.8482092473569,122.02783562462865,113.22217217559808,565.811310268083,90.4477877797981,15.902640949387635,2.002491259783331,6.150913962916999,64.27594027142939,0.881479640480153,24664.305122151214,29527.119070633755,34848.73021689313,56770.75676495873
2022-04-17,1547.5415875618917,2127.316246143113,1611.3682526010493,1248.380012287953,126.49059374266155,112.25035420573488,551.0901670397661,90.4110611967799,13.40986490205068,2.324208491715317,4.912212286344807,66.53314665337332,0.8929949255040169,25493.212387669068,30271.160576807666,35598.36210636865,57122.26278734908
2022-04-18,1468.5906283476193,2087.5749525766037,1640.788752746569,1325.9188732040013,129.25535180061019,112.55714265082887,565.4900297216027,89.30126763394713,15.768715428934295,5.308848633437937,5.63881938206013,67.6222449552755,0.885291247665952,25877.851311971346,31184.596323133326,35800.4534859848,56995.78308037169
2022-04-19,1637.6824013376408,2059.5220787070266,1665.5690318908319,1358.2337664330441,126.8821179975342,107.63943535110734,537.1795390865549,89.65296892511306,15.647093364294216,5.591432607057275,4.556435994023031,68.74907603387274,0.902240772808072,26666.12888801961,31858.331700727445,36209.153222413704,56463.63450339318
2022-04-20,1535.4367102508481,2045.5298983587916,1506.2895435101277,1241.2737437587293,121.97596964745455,114.35109335328754,577.2438898912346,90.85376922137222,14.226569297028362,4.763766643121201,6.899828124359216,70.16416778984063,0.8614718373599336,25292.36066986228,30063.408658437307,35153.71950603886,56263.8234893836
2022-04-21,1530.2792457475025,2074.450450149022,1438.2472839672944,1309.7406788640028,113.7440870677336,115.72520403964359,554.4425752906916,91.24304358327788,16.227592244220485,3.122565533601489,4.945594312555336,69.99837567441202,0.8579513258516954,25650.333937056326,31068.283416455382,33783.85412637458,57665.05307476909
2022-04-22,1541.3089224611356,2133.5851324814716,1582.5365840351985,1308.0059687845755,112.63595120325189,114.63053346728123,565.8599078935063,91.61506410611759,16.055575596146138,0.32937042061595534,3.6203754900140526,67.88210817592032,0.9196841044477282,26044.411013314962,31002.99724145724,35498.572612958094,57234.102939893695
2022-04-23,1528.2459467367014,2106.388843124926,1619.0769029537016,1233.1638145087002,120.25576016754457,115.73118982121399,561.6971753092281,90.52959683149847,13.82783786792721,8.836266016342435,3.158675205968895,71.62464288581262,0.9030975326059211,25161.9396160986,30521.272024584778,35739.497420248525,57389.18077608438
2022-04-24,1608.175996766053,1963.6631671113364,1602.8576240306315,1102.0023608077483,122.56818321217084,105.65458190696317,553.0207699972362,92.57849860152137,14.07174655917324,0.1760169925306243,7.850666866561412,69.44449805186015,0.8616711928166495,24055.268664522235,28498.995442383806,35438.89245731366,54485.57094452065
2022-04-25,1603.4602112930634,2007.9605947267812,1451.036222653229,1234.349893769055,126.9301385130001,117.65384646719528,563.3582844232558,92.5633116076626,14.865239445952549,9.707482897141148,6.992992775740528,69.73894770302068,0.909298168527057,25490.050093393762,30180.539665256827,33704.3127274234,55903.79692117222
2022-04-26,1565.936591612723,2102.858778511392,1526.335977002013,1292.5876064939318,121.56578168019271,115.6434301719412,558.5783048273838,87.43471766729,14.361462118490206,9.290198474234963,2.9008623588903717,70.30215218206773,0.8680990526705136,25561.485956156994,30770.64926136646,34983.04627761227,57067.123664824314
2022-04-27,1545.5524306821073,1968.0057401056577,1562.466687269234,1251.148203747829,123.25122519703115,106.30806769337306,559.2010644148035,90.50743529518815,15.330965170590211,5.0121870809870614,7.941545143524942,70.13037882020586,0.8566822661638493,25449.652571037073,30565.703574573676,34920.12465355257,55098.274982596056
2022-04-28,1537.043536772799,2066.5065870561125,1629.2157185273961,1172.2918723016026,113.94883241172673,113.68162296703225,559.3110317944455,92.44332142559632,13.543785248146536,7.488823049535977,0.6604849157745818,68.83395057099948,0.903044964525796,24376.81240533879,29517.362334382193,35859.02758451439,55979.4304550735
2022-04-29,1556.3893325670615,1999.1660037560946,1519.2823738673965,1304.1011788205171,129.45674981766356,111.55102934094575,563.1235315615777,91.56291463958034,14.567572322921292,5.414020912135492,7.9983163492879985,69.13188190669469,0.8690295198441738,25983.230937623823,30797.959182531606,35028.03736447656,56283.97342032487
2022-04-30,1498.5030792694954,2041.4174896378915,1570.9373801563972,1150.3824525227183,121.87033618353355,117.18785075595376,582.3932575904028,92.87473453275264,15.11461476527953,0.15763473286343754,2.436516352488863,67.37884956473636,0.9263870933341809,24340.595722788476,28930.04698316126,36164.337370216796,56223.780259273255
2022-05-01,1532.153975289866,1975.7212867082478,1553.6200251043008,1251.1678921451112,126.75825002063793,113.37214549066549,544.9986788748562,92.54728692507797,16.80367213117162,8.290010717799596,0.09720964696035672,67.91583758760905,0.918127929214522,25374.690203841055,30178.72001868844,35303.27527387874,53974.58405112721
2022-05-02,1492.9369735819373,2009.8682760943864,1483.310893026991,1249.8542791570337,118.3458309943896,114.17192049690735,579.9873122556974,91.84131101414849,14.095507984455061,5.450735135419718,4.496361773189374,69.45648808882648,0.9322936166159296,25465.902477643907,30265.356408214426,34524.2271332959,55735.80597897083
2022-05-03,1566.427189004626,2047.4879950813129,1629.6711625079856,1224.0914752702572,117.65577346542537,109.90266334426009,561.635511177727,89.53036866397906,14.10988025876827,9.131934923062746,3.8668464210186686,71.29020473370582,0.8946096349902395,25523.890806133702,30084.169195223054,35614.90116191415,56733.93830316322
2022-05-04,1571.2271853344728,2090.9754243593475,1479.4003608937837,1241.3538911665644,122.54741061705386,110.82737798746317,545.1067076333856,89.10720814890198,16.605662943751632,1.3118294205500758,2.288051811231762,68.51674532707733,0.8907707345538055,25015.629690585614,29873.494316786022,34224.5137584163,57126.16243836431
2022-05-05,1595.1531758177196,2059.330319430466,1458.4734689269346,1263.1150528159383,120.72828038885211,112.66745950889639,553.3439618577584,92.38106900705655,16.152237760629724,4.347482186834105,3.0774945273093612,70.93938370382011,0.8872606428796856,25287.8805348056,31101.174485770967,33971.305420962075,56125.68337151943
2022-05-06,1570.2650212618735,2112.0761235316995,1493.106143025916,1328.2684440527328,126.58452741593194,106.2218224230553,557.6897460858588,88.80476317688334,15.567052985665512,4.940335662754518,3.801429313999958,68.07315764421487,0.9285157439216548,26137.5004566447,31623.28733380894,34709.16808221721,56909.18843675406
2022-05-07,1538.3695873136774,1920.1491353061162,1657.1468953964877,1230.1522429213476,130.43496744087787,115.98820789989627,585.8785028479251,89.00407283810449,14.850841170400113,4.483782249219722,1.4092541762177584,71.91822456565706,0.8927248096364622,25373.685745806008,29965.849347893745,36065.60772592506,54711.28974624302
2022-05-08,1558.3711749659676,2099.2472157382267,1408.409978761024,1223.2350976551218,118.83677612054399,115.94792499298708,549.9700844461381,92.86853487098928,15.502329332652916,6.275948704706026,6.059537519197059,70.97539476036849,0.9447066930103311,24988.008246545425,29971.125051052157,33866.955282706345,57109.44511247549
2022-05-09,1575.8582005901017,1926.0533125372854,1601.3402284098154,1089.3443917722805,126.91204041383673,111.28310081440016,560.8748483913641,88.57959115248435,15.864742545320492,0.5209321142070988,5.856221848725998,68.20502227539555,0.8853091435201387,23498.898603488164,28421.563468363405,35531.14080593496,54572.078318437125
2022-05-10,1520.0823282278,1901.7916778434742,1558.2877027265547,1321.064450704577,126.93717745963423,121.78315274497146,571.1447539260845,87.09457255948952,16.659336583939712,1.026066137913615,3.050014244714731,70.80877316234026,0.8706883266374399,26093.044704686745,31381.297020043563,34822.58447697937,53913.51600465228
2022-05-11,1463.90092608102,1953.8257828174421,1732.1107894768552,1303.6707984785746,123.85124636263289,115.45195306558288,554.4138153416853,89.12213391617384,15.380655009114985,2.5495893710702475,6.895177280588573,71.46553627447727,0.9038486076283733,25812.893298306277,31283.625700379835,36992.341685249754,55104.67417342576
2022-05-12,1506.190918107916,2106.642795873979,1565.652010015631,1226.1474583370102,122.09193258551316,112.48462810959116,568.0394595815924,91.47895576134813,14.855964935849753,9.881844849399272,1.3407762768407467,70.38979205498087,0.8932489503772234,25058.953655368998,30121.582360069388,34784.91133125174,57564.1103571668
2022-05-13,1535.569757888761,2145.5214115172735,1489.3013875841725,1277.3061125241286,122.98420004893758,107.20940207289625,585.6020590769663,92.50903801575203,13.746741185343692,0.20352346253650455,2.483663043415178,70.16657289425193,0.8714455795195741,25921.42213795665,31215.300368011973,34701.71384801893,58015.78479957212
2022-05-14,1427.1129473098808,1987.6494884848375,1609.6783333437152,1125.0292955099217,123.27599274997792,114.53070188666172,563.8693706664179,86.52393587574954,15.301941009417883,7.014289101555114,4.769170155160833,67.93910120419963,0.8886578766454704,23708.88806484401,28699.523529373528,35804.45455728653,55416.37389492912
2022-05-15,1444.2860313448805,2004.7797559937258,1550.1670223141657,1226.2205118844083,129.63742435054672,109.26522896287887,560.9493717050997,90.92062689084841,14.842006364447231,5.479408759282549,4.223401781010117,70.01603514829634,0.8908968564396726,24974.162853978858,30145.965684091832,35043.55286472406,56186.674908634595
2022-05-16,1414.8375686792174,2038.1870707657567,1385.2024525035895,1210.8640145173279,115.51386113934117,113.63276897126613,568.3724619935331,89.94703424418633,14.901010249820832,4.268114736464974,6.245988206881634,71.45467245430486,0.8974751647861242,25112.48725714983,29978.41087427776,33876.290542731316,56166.76391592534
2022-05-17,1483.3255756509423,2044.1707589015582,1535.915499828723,1168.9705617450409,124.54163216872072,117.71139444198221,561.3952719320528,90.76868664286957,14.458676943483617,7.979904211002004,0.15018961052810464,71.18683722901474,0.8973397762492592,24557.637570103012,29470.04618942239,34312.83593172334,56334.38773030419
2022-05-18,1505.1669659413965,1898.0543468231572,1694.4631231100789,1167.7152426477587,124.55691063217235,113.94104044106714,564.8960318187792,95.35303827892233,15.743986457940075,9.552708073699847,7.493368132665544,70.85256536827312,0.8994833939760022,24774.548701512336,29391.487556879212,36527.04849591527,54359.84554153581
2022-05-19,1453.5045260816955,1996.209499403101,1566.2895173570548,1231.0087960111875,114.56866453415427,113.04056476965786,559.8080276588747,89.32613866152268,15.874880683444031,6.4994162290436925,0.02749913719737762,71.30640883405827,0.870387491496438,25104.354787031138,30108.786552733407,35079.66356900713,55870.86733650383
2022-05-20,1502.8048409625624,2071.8446784454113,1459.8876595679656,1365.7508600873057,119.30622842597505,110.9059396684468,567.9410834011209,96.3758861647554,16.99849555165515,1.800613180497167,7.505156216675838,70.94577593580794,0.907074612176693,26563.785513857783,32310.52106765246,34218.351883590636,56715.72261868479
2022-05-21,1466.6818639270593,1905.6260204889988,1405.0590342840085,1003.9522685905121,120.20514611924312,113.53398697164259,568.0578218266077,90.93898773700188,16.614466234871088,9.815933329742363,1.1289388906294997,70.08044538980823,0.9233305986680602,23151.62811284686,27620.438572277362,33199.96581183926,53746.477814114056
2022-05-22,1467.8251128361505,1870.4207660902991,1522.178132425852,1211.3739803084004,129.50153685837032,114.8234892723591,552.0848968409924,90.15553249240305,15.064578439243732,6.933394022029519,5.805174511611429,66.38562444978096,0.8846089707482376,25094.744123600158,29667.19575064125,34775.584941028166,53706.56374705172
2022-05-23,1412.37865711787,1747.1565322264053,1573.987373296816,1169.5971958425996,115.80816956553633,117.57460147573474,554.29508465996,89.77662277376817,14.114846831728714,8.645054193900002,4.7851654453333925,70.44655890435878,0.8636140039527255,24284.096618417203,29569.772241178405,35381.50977221559,51629.733435370115
2022-05-24,1560.5143639314028,2020.233726297994,1550.0412375347034,1145.0890706378887,119.10204618252155,104.39125490256868,573.0494635444647,91.8282504568199,15.186298424991133,4.23515995905351,2.911707985077504,72.02028522325732,0.8562048379818286,24587.404573078344,29276.466016885235,34680.95687183233,56102.66976594282
2022-05-25,1525.1792765219561,1905.706680443027,1563.1317976140224,1206.7737339105188,109.33589724788472,120.0911923480386,538.33258766123,92.56773314436272,14.409051505702564,4.618949147510971,1.5862312044151912,72.53040546526013,0.8986543242197523,25132.216113583952,30078.939808168663,34867.85257281413,53939.35156459419
2022-05-26,1498.7588131259167,1854.7579278988985,1436.6380787618982,1304.1429317501209,125.21113860546616,117.3278994832258,586.7292209405277,93.60502883666051,15.02077909007572,1.8857909853207522,3.860137932570159,68.57695736381702,0.8902075052460521,25705.548011292278,30866.981483767668,34120.60089308066,53259.21451272805
2022-05-27,1500.1504828137472,1977.0941434121069,1503.7876207532315,1198.444939357156,127.90339751028577,113.55902147482004,581.4440252300293,91.0220763738096,16.03798574543941,7.291681851384809,6.535139868723781,68.59050187507043,0.830000684997197,24954.263846506325,29129.347943765126,34724.17654231814,55229.90168854887
2022-05-28,1456.804831905521,2176.321279462445,1464.657201070521,1187.8703264962817,119.35903234896831,109.73602006286356,576.7462562216252,88.90259271293841,12.604342932531871,2.576342857187136,2.6826710350371856,72.69769521237308,0.877090088996608,24792.956840572246,29767.60578375167,34552.629881985646,58399.27800771968
2022-05-29,1577.192830172648,1966.8346501298759,1721.7346067154256,1167.2425186236073,112.8006612782013,111.65838970065414,570.269234974004,88.19857181315675,14.507097003760515,3.781660583707236,2.2175739560382874,67.14206144317211,0.8608220884049779,24643.81486768227,29030.143363141044,36997.49251781097,54675.1909044526
2022-05-30,1497.7027617680826,2075.7651872218685,1433.301637314392,1236.7483071093507,118.04088577093847,109.89655721933372,585.2618453345111,92.82021429534915,14.72086156705181,4.596814536139627,2.2288751146191785,68.06621277662343,0.8495223678717614,25250.56681351173,29991.842054428016,34213.05643615425,57352.306466977534
2022-05-31,1504.8822061931478,1992.9086857366717,1510.3079485022238,1185.1546551237916,119.7155030844645,111.08580593518099,554.9840204088143,89.82075865062316,13.216753337533135,8.025133883833576,2.027783162667098,70.45338327461307,0.8695371439574758,24327.857878758037,29832.68417406145,34958.46597145358,55073.626885904894
2022-06-01,1453.3527178115226,1734.5391054171264,1404.1468593825846,1185.07558447195,116.02215655548609,118.04799955264107,573.0921980244271,85.04040289042632,15.424715959211914,3.212822403677574,3.294872537549969,71.51656401802416,0.869494028068162,24950.919983594085,29831.3659643949,33263.21170134808,51797.89815049964
2022-06-02,1388.286558419114,2005.531366113981,1435.2917338123077,1124.2752757687897,122.99847189249763,116.75221723035844,571.5713794021576,89.9893307292513,15.097157179857229,7.555485498503076,0.1929211058580904,71.61759788707246,0.889361792483303,24295.23504656472,28912.761162123246,33443.5270436576,55908.12750362052
2022-06-03,1404.0059589561777,1853.9627313055719,1544.5765835783861,1033.7523308854404,120.7496032921263,117.38894799305254,573.5393442936887,91.887416094197,16.341151002414964,0.1397031839371221,6.126002918939962,68.26389328866192,0.8485175839430705,23035.87744017965,27930.356369866684,34829.966302825815,53250.97328960494
2022-06-04,1468.7809586224137,2020.0823004319648,1516.483062873546,1037.8113991563869,119.4938002193999,110.67897608656443,611.425586857615,92.85961714393422,16.203320341559195,5.0338892344704,1.977998160834276,69.46420630443836,0.8453499874473372,23772.990329559958,28172.269610028514,34775.36077040856,55944.179798937366
2022-06-05,1469.6224079064348,1831.9711911527822,1450.987766783663,1195.2395561781382,123.6019602991922,112.23074735710348,553.4051642735043,89.30106410888862,16.102266949077997,7.784756953394119,5.984761638119161,70.03190621235409,0.870955780410822,24739.25622166259,29496.068029144953,34399.16614230403,53199.777563296484
2022-06-06,1421.9630198723307,1890.7843182731265,1346.8963983949614,1149.83795598106,132.54102242423727,116.14246844715095,566.7244839615738,89.48067916971002,15.529579647500041,9.041422640577935,6.194412849652088,72.42094046660154,0.8616288988727205,23864.333295335375,29284.180359711154,32843.00051278453,54035.805539725785
2022-06-07,1422.8140148824575,1773.2562130486942,1451.4262415689057,1231.7150997198771,125.58141941617092,119.51662470342494,576.3562684551842,87.99364544034486,14.687746972294605,6.126220850334521,0.5422221970711547,71.35864332932735,0.9268759993412249,24990.894170879,30196.137659159434,34028.798218899705,52349.50170606216
2022-06-08,1406.5097817540675,2007.2862147663825,1386.3469628333783,1214.168781681372,114.4413975720246,110.5106983564043,549.5055530454208,85.83331592189377,13.529402720838888,5.045226205783222,2.4428275117703206,73.13448873182398,0.8588857050301162,25029.06137422754,29970.663071236308,32764.601412381555,56065.85837728867
2022-06-09,1396.4124062534604,1687.1915273234067,1336.1384055586223,1185.9059641356434,125.95312741818017,114.34108809887714,572.6102834802512,92.37739503692015,14.583748069956055,6.229769015283937,0.5922967694924646,70.70689675863721,0.834529068218995,25097.188201794084,29616.662914159744,32811.689698829025,50741.681411702644
2022-06-10,1468.0361964172105,2038.9025214017722,1355.748298868252,1096.9017278259707,117.38436886393885,115.08357220428178,567.625549289892,89.4297913266916,15.120556120334461,8.704929637359006,6.137317003390815,73.40216841703459,0.8822957681592986,23695.28658074306,28252.607480327068,33249.2956148459,56240.78388239141
2022-06-11,1405.6391068768653,1869.3723628201865,1669.2338002570727,1138.8243307217385,113.08306047869368,112.22276773637553,538.948390121304,88.11525206034877,16.050253712500652,9.905098999662966,5.160079818275604,68.63168362566134,0.828846768941498,23786.726119594394,29372.054647207395,36019.00185260836,52781.80471991073
2022-06-12,1517.3411823128895,1832.126381005581,1524.8421326873327,1136.4396691918457,128.39475317798667,114.13407555110263,575.6820207929819,92.32860111251239,15.154805148833217,4.888787288983226,0.37039081248100825,68.73831140208176,0.8996761834593282,24449.664086209872,28820.430295346454,34712.359249357476,52789.8262879449
2022-06-13,1347.986174235721,2035.423432149742,1427.0442398661985,1173.2699292956547,115.98990343690274,108.94658752208063,573.3531282803867,90.93515225202877,16.2652944522851,4.502313512887182,1.4622046406497198,67.82788220880332,0.8826682413504793,24467.308996929925,29976.310778842395,33690.61805236464,56667.249468332426
2022-06-14,1456.08227192597,1963.5476935150014,1508.6126148437447,1192.514004890719,124.76510289440736,111.68106147891096,599.7474820701775,87.55083890431429,15.449863010367132,2.7763997443320565,3.587451197033449,68.37873575162176,0.8481839813470636,24963.774659571245,29803.266664779894,35155.09897516955,55571.746872048345
2022-06-15,1462.605670422496,1879.1807118804588,1482.451434493813,1129.2795048725732,125.6344197454655,109.66186109421861,572.8548530921285,90.42307860959268,14.34264451403672,3.675851580791847,7.35973367433017,64.76754901629671,0.8685215018723725,24127.030659178716,28862.80581264057,34128.52479586122,54251.33837048046
2022-06-16,1427.8596479334255,1957.2854494349056,1395.505059778389,1130.7664135756063,123.71828768136128,115.37434200858173,581.3332503711291,91.10828441257561,15.374010821151035,7.923826981236262,0.0765650414711434,68.99105499689831,0.8340553375931612,24280.50638140881,29098.570502653394,33312.42382296353,55294.50424459728
2022-06-17,1438.454818512159,1730.1627017649264,1324.7118859925008,1304.3524135294444,132.00193883834825,114.38202193569435,545.1940114768181,92.59079116754354,16.003856583833905,9.435334167200383,4.8603941673971764,70.79095539359727,0.8335447969333529,25457.637903480132,30829.96571363405,32329.816132236723,51376.41829948403
2022-06-18,1455.785217131163,1971.0698876940196,1414.7022071014646,1103.669418470467,122.0624669013968,111.31684750391531,547.5442578129392,90.7776322824103,15.788155996006838,1.212787485714818,0.22203990939573082,68.49885196739807,0.8577446283602055,23572.443113418212,28867.10681505062,33298.68220587224,55750.88771107595
2022-06-19,1410.0735372524855,1830.9294204349983,1569.4605413678157,953.1522825966251,125.12496296957825,110.23679119260414,571.0973893860521,90.65682726581345,15.155257200410169,0.48630463159896276,4.1409094360554795,70.43186655114572,0.8571892100087244,22435.0157903927,27029.81616145542,35283.83861513799,53751.92856210044
2022-06-20,1503.1109296060054,2031.856070786099,1511.3674547195,1080.630488967232,129.5760780292812,109.86444206630209,561.1973292255432,93.08747836735871,14.925803561560603,9.916858552806701,4.657606190471629,71.08490792212795,0.8545290152587218,23583.22803426035,28941.898724976887,34508.251020193995,56335.0145908804
2022-06-21,1478.3361755051183,2063.9931999146097,1558.5532114599605,1157.4378793844928,130.9535792691799,116.51512089967163,554.2762068903818,88.25593429924292,16.59745505321418,0.17716321665017687,3.401117797660283,71.6242040057582,0.8470747087041605,24361.514454849403,29081.932027623832,34978.43231241649,56497.78725178537
2022-06-22,1428.674237557923,1852.6280424888955,1495.5260579808805,1050.6981810737,128.12862196107173,119.95956858553788,558.4552937217412,89.59400207280362,16.63394185904177,3.1692987967985706,7.753907418067028,68.07646301736405,0.8542734473424259,23170.74225054849,28236.693200566377,34642.10436943951,53365.224986729816
2022-06-23,1514.8939066672615,2093.266558615826,1289.6162814112083,1102.5362412771908,111.08798198747104,108.4946172399605,558.8454509819994,87.83578342150739,14.144039443960148,7.600488942032827,7.903493069225218,69.5617339348727,0.8481433530733418,23846.5101859898,28851.476633744613,32634.598321000438,56931.48625531019
2022-06-24,1540.3068958934814,1928.8602820355338,1463.495906248653,1176.0990681173485,126.81021948554394,111.07337297066118,576.1541127778837,91.79324293445978,15.35932979635835,5.059046039173275,4.468823065939469,67.68194412864644,0.8270390358825099,24579.58988194314,29601.910955213276,34367.85143727865,54543.20760207304
2022-06-25,1503.6650605242214,1885.5023550168382,1536.4630140935135,1088.9253366732326,125.38531282752393,116.69678115790065,557.2020089578746,88.52502421427573,13.029910638938357,5.395432158627039,0.8647974799635971,67.67341223023165,0.8997287125457669,23450.086291042684,28519.20473037963,34487.648752685054,54024.107311615466
2022-06-26,1390.874804076908,1906.0406259108495,1366.3767406530044,1229.450661596741,111.61500486763279,116.72271732917531,575.1581693433794,91.32364423806128,14.013691204987067,8.27072014735837,4.3767847828441475,67.55856738462344,0.8792459641181353,25290.949966737913,30609.017242543017,33334.3720377458,54654.964901165535
2022-06-27,1410.0058407817564,1847.2470615405932,1335.1893720014702,1144.3424976622669,121.02572317486907,115.53291907864399,559.1020940981518,93.53044892963806,16.078823654586277,8.059082238528223,1.49339256279801,71.00584615806022,0.8530370931508706,24227.241696647157,29337.66781064314,33434.82389066195,53286.83504058955
2022-06-28,1535.6174129764543,1948.0605860817423,1437.4730884568085,1154.0863894363965,114.60204663102135,111.44866590101344,557.2713187965351,89.11236713120546,15.664425395991604,3.0358512019372688,0.899236391204119,69.44606579882624,0.8565656746318939,24262.481069284993,29531.088042541323,33197.950612666675,55305.64073223449
2022-06-29,1534.375701227118,1888.640798545819,1393.2152994071078,1162.0581723659866,121.0251589488867,112.82796452562084,565.1690134417754,91.25237657249153,15.86272872208775,3.1100520885349003,4.475576801532965,67.27995093047925,0.8700678437721922,24459.588974033268,29715.260216804192,33295.094300924146,54045.61828471297
2022-06-30,1459.654496635149,1780.3451814429018,1455.4445228366105,1199.5868752413444,108.11080584157081,119.15641540571569,588.3034790264159,90.09023138723082,15.250696641327828,4.475111015705247,7.0525446482847265,69.30992319123237,0.8448523095448974,25220.850123428016,29586.46290987078,34221.664593986454,52423.92773195837
2022-07-01,1464.7119589404126,1904.4614002459473,1417.6816849356776,1110.0192792575972,117.29334256805329,113.55427434017629,591.0814509100031,90.75550813620703,16.734377087761967,5.522710042330333,0.5062878723601099,70.14923977635168,0.8589711338027171,24104.48341555666,28446.476011583327,34394.421451857146,54605.35917227214
2022-07-02,1466.0219790075155,1784.329008576046,1486.2798347461746,1142.962669349471,113.32307330463243,116.93012018858475,580.371887830235,91.3652556890422,15.618968122371955,4.385131175098112,6.135385711845917,68.76288841412801,0.8228391493133357,24308.489933329107,29868.066435844532,34843.70530701417,52772.53722516467
2022-07-03,1504.3313068867606,1808.0130521223523,1339.8586427925463,1072.6114961545225,117.82858343167315,116.88719809435779,586.3080074356903,92.65957027398464,13.42753916588468,1.1645450283048409,7.691751995621648,70.42929487896262,0.862441813505392,23980.183500808653,28565.41941774184,33683.64833906294,52307.01842997764
2022-07-04,1407.9803267257619,1936.4825796346238,1550.8736520819768,1109.571578621267,129.31981042196952,111.18426123382392,582.7717220058823,92.04455716411947,16.49817074693566,1.016934696518751,6.69893884453088,68.97040748902079,0.8226147837132037,24388.710535897713,28632.78978545957,35171.983012648714,54509.623886597765
2022-07-05,1374.2065940922078,1833.5504040216003,1295.9212902557013,1144.633784809582,124.95388914729959,116.61934854220017,560.6616841838934,93.51634816410142,15.37407839254541,1.8972235711130014,4.247135287530096,66.67248159552082,0.8444719743518962,24069.242703987995,29264.08476197868,32381.946113483602,53290.91609857699
2022-07-06,1424.2992832296873,1838.1237681152033,1572.2416528799858,1087.929349764305,111.93155326990032,111.81620847032303,567.1148880969849,93.86897515428633,13.894932104727184,3.7659423052184593,7.400615474287044,70.76550848725716,0.9275661779912273,23870.814964036614,28529.54094732559,35147.17943790506,53417.85102574678
2022-07-07,1572.0672834794773,1952.6353597712548,1494.3378625945322,1105.81182353808,121.91471168769844,113.92350027716559,551.7223278920549,88.81245735164555,13.409505168506687,2.016150007984925,0.40671728570594823,65.08128285131444,0.8483219950399975,23678.66562949255,28567.718781675325,33998.87568628634,54834.78720280908
2022-07-08,1503.1554310527042,1854.9220386509794,1375.605017185201,1052.5742258035332,130.21629576103615,109.76405209178414,578.4531788659599,88.54844122599299,16.09329891651788,8.17729096379588,2.192907642721285,67.13933428049783,0.8376581327907231,23200.003945437245,28327.405128102273,33486.79480295042,53553.76841916037
2022-07-09,1448.7223962288383,1982.963843066587,1545.210452061724,1080.1108056213006,116.21310862311337,113.06923860361574,553.5128324396082,89.96646142751146,15.918496467153032,3.0228420209547338,3.2829240069797336,67.71151255683564,0.8761774852173869,23735.657265793314,28176.938106790367,35060.46820755977,55212.49443534353
2022-07-10,1387.7322391614734,2038.6818485257465,1307.4004647946,1044.5977272931575,134.73174991946865,108.20821436677275,561.0302972187606,90.30099981564456,14.058924207241125,1.60541001773169,7.555476819002674,67.15692991535923,0.7939462718302597,22970.715115515977,27641.873988982894,32416.543509486684,55667.92831155027
2022-07-11,1389.0225597272017,1803.5120673896347,1380.3978773100532,1062.171383366057,128.8440776331649,114.57073067274413,593.2426206384079,92.80419882819136,15.601429159299306,3.4475615938233983,5.876720105747515,74.05393706229532,0.8535545228304219,23861.806035655405,28109.423921915903,34093.77843063371,52576.45538578096
2022-07-12,1333.7369882490225,1746.369500432022,1459.32723890105,1087.692377269117,126.43117237315302,121.35470671569738,581.8749901062644,92.12662902070134,15.390014656485883,6.598708451268389,5.673376981088636,70.03131417552774,0.8491493442486889,24146.19011297544,28765.861231463972,34260.16022084727,51945.19395294125
2022-07-13,1303.5161990042013,1883.789419425793,1477.6591144508197,1112.2925728431035,120.7018064518414,106.15518690230417,585.4019409472339,92.6808169136252,16.107699384096,4.106158724796468,3.3633426484170696,68.2116781816851,0.8581302354216068,24218.090138778574,29086.1537985611,34570.050018127266,53584.062634148584
2022-07-14,1391.978832869986,1854.8942433987797,1340.8466647742007,1104.2180280658818,129.88786101015438,114.17963925961523,550.5821601983902,87.47051594291113,14.116347502324519,1.6211899581003475,6.928009127225918,69.9762221192863,0.8352559558954713,23973.788429339522,28066.34621134923,33157.946773475334,53245.49607759193
2022-07-15,1339.212307311475,1948.388334423411,1305.4886369996332,1094.211556216547,126.14249627704235,110.97433489383555,564.1004231811215,90.10829712430439,15.97096168533582,3.528424611781401,6.054777739336443,71.12093092998667,0.8071602575925716,23732.69425102962,28215.51098078494,32361.719520902716,54907.666831581264
2022-07-16,1399.6145437233727,1813.8313633883245,1601.2344430518967,1122.163786389638,124.36928861456458,113.19360328155486,563.3683092673739,92.24765053139427,14.952635199962875,9.87159013622908,2.4961143891009616,68.32532926856979,0.7978685184586056,23926.52515450501,28623.638718872167,35372.377939997954,52400.97462835546
2022-07-17,1440.366453075288,1915.768637148204,1264.5716369691736,1059.2703796072267,117.48960920041208,112.33384565259529,568.9869377431237,94.84621080616161,16.676774508784487,0.9238291940023191,7.239288673480038,69.2750532245251,0.818245713891677,23355.504003099762,28120.095924671023,32170.974017513825,54891.84870664118
2022-07-18,1367.4049315149239,1851.2333065971036,1477.5259823478473,1077.7690157068475,119.51867990310052,120.3831835838774,579.5137015629942,89.09197556827152,14.616148526647768,6.631630872387934,7.092430541393093,70.05585196155081,0.8217433190987872,23366.74557044361,28562.29658958842,34805.75279092348,53504.54204537572
2022-07-19,1518.6371585927327,1871.3800426217601,1216.035739526033,965.675156183887,121.09164746367644,109.94953490076422,568.0073108803866,88.17416627449641,17.192251297115977,4.590315147955931,4.439070221459335,68.67221620467643,0.8166526113805368,22569.462097973792,26856.23522238005,31523.326516569574,53965.33523094064
2022-07-20,1415.46828040126,1772.4073980528947,1416.3341967070098,1120.5709507366005,124.29491612267303,113.5805295378151,595.1950485420994,90.80585385178583,14.830828081053623,3.3943393355295193,7.913478368073089,71.44563782086075,0.8178442244097944,23921.628976172393,28968.921003275882,34002.59802954699,53158.112998042205
2022-07-21,1467.320831467661,1774.630599346224,1545.6181637455184,1201.8571479730342,123.87709982216775,111.95694705616462,556.4872786069218,90.4337684149544,17.188067299294804,7.175184612626632,3.9534947221199648,66.64506697796614,0.8300444109104906,24895.791366255842,30129.25694280231,34463.751923942946,51361.01709042333
2022-07-22,1519.0149667498688,2018.8603627162222,1283.4190079856562,1124.7435927867077,121.00036879823156,112.23880286399685,567.4521229120955,89.72185369389321,17.66447430965829,3.324616800256747,3.573855857250301,68.56176262562578,0.8269751794778135,24059.733707278647,29357.391187515314,32616.949570278335,55815.44440026665
2022-07-23,1510.0841607529912,1978.0011912339535,1400.3186821379923,1128.498849350941,119.03753519863177,118.99073814791596,589.025219228815,92.40854630451545,16.246677557743336,1.447243254686349,3.225108368205146,69.00293318148809,0.8354153917878964,24346.987862813647,29242.61383129002,34314.557924380715,55601.97465261897
2022-07-24,1397.2051796393996,1971.6991437335878,1331.6014630500288,1240.9276680884223,128.2103297747748,108.03784064938608,571.3021694015101,88.1828007563227,14.344981226574761,7.702164918766573,4.4982814199761565,66.74544066949878,0.8570158565872483,25645.91688497693,30005.308515905745,32557.2359094108,54458.953516448906
2022-07-25,1443.3133156753174,1678.2708880298287,1307.657862624504,1077.2592834655475,120.51975728340808,110.93657615369776,598.5137974865196,89.53027310589354,15.834602488846198,2.5904990587810515,6.7063735370740885,70.03801669270074,0.8034170742642008,23323.451431927937,28520.80129672185,33020.104045730164,51822.43858107186
2022-07-26,1443.1075416423075,1973.6107592794726,1270.1295426909282,1142.6638808641014,119.83381265636866,116.13270273543405,564.4263669926929,90.58232791428917,14.22919670815307,4.843001985984544,1.300959673271322,66.64960658118122,0.8278319113074255,24232.40147459227,29503.75868826504,32100.35710178836,55029.779297979854
2022-07-27,1457.8621181774283,1831.8684148513075,1433.7421003822362,968.3882323342316,115.12996886913581,111.55440785492434,573.4524871480683,88.05628078322873,14.189798130930093,7.207559292684063,7.51174787477866,67.03853358732167,0.8331393191257874,22468.863944768436,27608.47968178219,34058.41852387012,52585.411878151244
2022-07-28,1486.6031253658664,1778.2938910608525,1502.7380168300888,1120.3568985785996,119.14188929962073,115.62900694014766,581.2860756134469,92.99622903115277,14.537642737162518,2.6752867477109,5.6320871098564105,72.50374239857126,0.8415227978069342,23929.401578814784,28877.7454049864,34914.732711342986,51911.03874291134
2022-07-29,1431.122221422621,2072.8886545060177,1429.0647728610506,1085.917013468785,118.72159849165487,105.35431852064302,570.2456197213025,89.80724684198042,15.928577178030144,9.01317699267633,4.314964928776473,71.76960438059159,0.8330432538617445,23928.502182508462,28150.708453052786,33569.474208708336,56443.69497402594
2022-07-30,1465.8598352822228,2014.3661007084443,1375.498050708699,1036.4172947938991,122.2163213866559,110.1416274640979,591.2249257693273,92.36242945664888,15.50119259030079,2.0489501353110526,5.024816322204986,67.36214166223901,0.8568431758397037,22946.46842793988,27791.534491425205,33330.01637888644,55248.08366787065
2022-07-31,1386.0410869351363,1954.3466148695607,1363.7270562743506,1113.3614316634696,120.72071767274838,113.20912106557138,565.1010440200138,92.96721304388073,16.19508134216566,7.780405691051833,6.417677334962927,71.43082968674804,0.7930055143709593,23895.53325215813,29166.735984912044,32853.96569443556,54809.967867273444
2022-08-01,1296.0719113829298,1835.1276251086686,1498.4511826709404,1056.9837623117592,118.0757687357382,110.5185514048374,559.2263865949137,88.15178470091489,14.875855421430693,5.619588054135375,3.4047738306343422,69.05495845549231,0.8517638953970661,23181.716525993503,27860.160061113416,34849.45270126527,52756.080449015055
2022-08-02,1354.8390575999988,1911.5646044184734,1267.959006422368,1100.2262187659082,120.68474984658994,111.4514130249769,605.9876420946377,87.718793011342,14.477983624129603,7.829899779535459,5.222408983403735,69.89535503726313,0.8504845202967741,24119.452249950486,28476.317546089616,32068.330985991794,55571.09628902703
2022-08-03,1300.8848222405443,1805.569932870801,1331.6588784662713,1165.06198608325,124.92356477823597,112.01579323841494,580.0734024960585,91.67458738345886,16.034868017311183,3.2033822254845634,0.7796436400466833,66.84268138539177,0.82100745164937,24939.415196086855,29412.84298632294,33037.718181793105,52569.56982142131
2022-08-04,1451.8342703823218,1883.9641032557072,1375.5849488723081,1049.5479256175925,118.32684067992082,121.21492644131814,573.2909202370995,89.1418316104691,16.35565354023038,3.8013101674902883,0.4394251242678644,72.0630746965772,0.8082684206700801,23406.370221235316,27996.14929472372,33389.02030318822,54254.23350861583
2022-08-05,1376.705740944162,1813.4295397086078,1359.6766485473206,1162.5588159847825,120.44780645048601,116.59532464264925,579.547698799517,93.8396596722654,14.723354994052983,9.728084571590148,3.313678540325073,71.59044977152682,0.8230581298560206,24652.37681238621,29346.501899935633,33543.87510767169,53296.10177200578
2022-08-06,1422.4621260452202,1839.1730126000768,1328.2459081052855,1080.7263234568293,110.61157013604098,117.46089011672207,571.4525880863773,97.21296791413725,15.628305457425935,8.425525341315861,0.31020807552015395,67.96550810948959,0.8147447484652344,24041.440749812948,28514.209940338525,32565.122741862273,53151.32008920565
2022-08-07,1498.5988957179118,1989.8880640225952,1365.7122273657135,1141.8324125205836,118.94300185259968,121.18939982531072,598.7389293157781,90.5886577262602,15.447105402751216,3.10409286679198,0.729853041419207,67.50772114492013,0.8173313905005335,24714.820532894115,29059.44490418746,33136.42827908933,55362.37924100591
2022-08-08,1379.7837671102018,1915.1795421293107,1460.2007363308105,1104.2939796420178,125.58143633117267,112.8981379736021,566.7868707873006,90.79666570361736,15.145349489138653,1.0255845108230366,1.364863891924796,68.93558227543105,0.8205079334952935,24264.17831073543,28745.181119062046,33916.429395084226,54790.39417210113
2022-08-09,1371.5077627840906,1843.2269415379112,1537.0328883246573,1106.484712902938,124.26897356061636,115.84899603039229,564.087856744663,92.63398989807526,15.995162618623787,3.424204691253002,5.539739812636888,69.20024849223324,0.789110029838848,23613.309101746127,28478.996300746556,34635.0995125537,53670.85417888854
2022-08-10,1456.9287698798448,1817.1682150248892,1374.91278589172,1152.6095338554035,120.27334995150423,114.50304801926556,569.4681019114533,92.40420561359234,14.99950099679124,1.5363232902486446,3.669614261468599,69.29605159832916,0.8051465555587324,24653.79573751194,29154.694019506936,32859.42316115344,53398.96709350143
2022-08-11,1467.3530128239308,1921.4359271734215,1550.059367375719,1002.5688937204125,119.25526707235905,111.55342171478375,559.0838913127759,89.63835870955526,16.834978079101564,3.7685006863015724,3.0045288370576158,72.18303841986611,0.8213618590933774,22649.191890210783,26760.2700809107,35267.773551409904,54476.77790626639
2022-08-12,1478.6776118277153,2023.0399696747013,1466.179394186197,1046.2403330578907,127.77466140074654,117.71747009181753,578.1156463507108,92.36165742498065,15.18638130573807,8.834534149892587,5.066740914469431,68.1209109854339,0.7986444236224053,23179.433946365392,28144.48217904394,34658.31426596015,55898.84812507354
2022-08-13,1472.7527664269678,1814.7921827331934,1382.0928339581073,1099.6057040027215,130.75071607968036,116.9730888412589,548.9628903400387,89.7008793040124,15.287878796257937,0.3742516189743683,6.649926765441105,69.66680384471674,0.8122126699423778,23918.402774274287,28236.756482653702,33389.090256880394,52475.80129307533
2022-08-14,1381.8700333012348,1761.0221908016626,1350.74666788678,1147.2784417936052,117.04853776287199,114.74078458974648,553.5078681083958,95.59461685413488,14.251063637227134,6.7861999997019655,1.2224958695312198,68.72182637224196,0.8242951751511242,24387.340416266405,29236.5936692479,33242.811213505745,51915.84495334066
2022-08-15,1388.7696953453135,1866.2231350295071,1392.1680577306975,1193.8953200500093,122.14646706951245,110.54995609428674,592.3743170111651,90.12153975334193,15.422205075478487,5.365259451699782,2.711585654771577,70.30555860580621,0.7588582667983736,24866.963285094043,30030.546777665182,33578.099853078886,53986.85021267609
2022-08-16,1434.4138975337582,1959.323211167657,1465.111948456806,1148.5413131707608,115.46207545512343,110.41399593201464,573.860543607198,88.53319941679136,16.409297413880733,4.827173547979793,6.757399928421882,68.61201124283868,0.7923518988435695,24315.03356592382,29173.680188559112,34533.063596283086,54737.457228377105
2022-08-17,1433.3446164546992,1896.844011875771,1343.412588687445,991.1714844071613,117.1125979031089,118.07447336294929,551.1846711122355,89.71357974189026,15.956368461503772,1.7955737176038378,7.0486377704079075,69.46729542397065,0.7845792809056303,22522.906489435598,26786.130871220925,32926.18133971421,53522.68978658727
2022-08-18,1440.1515744506246,1956.7988659852372,1417.4013756975057,1086.9136956641617,119.33533995088126,111.75050859625738,591.2419272572741,89.1889056265734,16.036280217971274,5.964942710008684,7.7598168952922855,72.38232860469849,0.8164238548468328,23685.40136507988,28478.672423042248,33801.96067231673,55490.88916269923
2022-08-19,1386.6154475987043,1757.733654265947,1405.4153807497878,1009.380974221117,115.45454183459005,114.1190614845406,589.1474702417524,93.57043184534774,15.399381618736534,5.603367598949171,5.595328041842941,68.12109030224751,0.79642672810381,22674.86470013867,27243.40126718675,33794.670425961645,51929.79423704792
2022-08-20,1430.5000476160762,1892.6458983960497,1353.5618992588313,1082.3246180273375,122.54131678839478,120.30970018929696,578.3822637017576,92.47220156258437,15.713881907360184,5.201730183555862,0.3508293060639289,72.79559334617659,0.8053514450672205,23649.628672035684,28516.47701266203,33628.425272333276,53819.709244760656
2022-08-21,1392.3445145379526,1844.6902044010062,1401.1803339951164,1110.1778840005493,115.69144755109656,111.65082751685812,575.4339086593552,89.390176833736,15.150407689071091,5.597709178166623,2.2241844536764246,69.5400866581438,0.8243015481801484,23685.61708782384,28683.329428585203,33650.233599471125,53378.25196566079
2022-08-22,1461.1441276757687,1779.309023146446,1319.436957381211,1101.5312853445828,127.35956669874159,112.45774538435026,588.9288511919838,93.53309369089637,15.653987156681547,3.0640987524209518,5.339254899242799,67.58310030194131,0.8238322518833742,23860.86036263449,28537.07403164794,32516.742476981777,52834.23362547966
2022-08-23,1344.78312564367,1906.4454073524869,1315.4783333297648,1112.9441013909352,125.19799924330106,110.60646083230112,539.8878256936921,92.04854788248146,14.373843011146269,9.52436671274348,4.045583239298845,72.70748174982636,0.7870027359820067,24024.83449102772,28533.32376535727,32318.419027654756,53824.933288035616
2022-08-24,1377.4363430884084,2103.763159304489,1509.605268754813,1072.9318074518947,122.00283940279465,110.85131945043095,592.0892258037863,89.14127128793771,14.816496198616505,5.636614753287022,4.63697331533049,69.24251142636562,0.7927894650250942,23837.319319418682,28393.74347900177,35113.64628715776,57154.65278307772
2022-08-25,1476.8450036796864,1692.6852627461606,1436.4130448087708,1200.033974478226,124.00407490055204,109.31568202782614,569.4207610644959,92.82065180291477,17.18965903425455,9.375267262179493,7.504664606392844,67.06911326114862,0.8157354391595439,24457.842577640982,29642.90284283451,33490.67926123823,51044.89025108635
2022-08-26,1453.6182495626026,1708.106570746253,1378.4300284867875,1202.4097323784936,117.04126842574297,113.16524503416154,566.3707139396488,90.80235427359287,14.496105865379553,9.149773374723832,5.7390796885000075,73.48790258310251,0.8017907781375541,24758.898421573915,29787.25128998338,33656.582152232026,50935.38959976461
2022-08-27,1378.02741645797,1918.6629904359593,1291.7197514182044,1209.7854836040535,118.86538834139434,113.82585113099469,570.2013046916549,89.5396258467535,15.18288213992273,1.4901750986093099,0.8282967193192681,70.30924058337769,0.7655212627429405,25147.355339856917,29915.14766691828,32402.394027037277,54702.87714050659
2022-08-28,1318.2069512250976,1854.3136518758067,1492.763527724219,1083.590004183177,123.01308578498725,110.7902323110382,563.1131915953399,91.43214768400347,15.69852607578856,2.416653627821211,4.487092833410626,68.68438721980331,0.8144247531426797,23817.14458317176,28551.997073969196,34119.91882025768,54149.124713103956
2022-08-29,1434.1001380884893,1777.5048567063875,1367.0446773615524,1225.964406822316,123.51500910180877,116.06315269564101,597.7432642625465,89.90439414799546,16.14572311991087,3.169316980374093,2.2138260280524307,68.18818256308931,0.7943443741986531,25517.56721373017,29904.84624911026,33607.104009584495,53138.15009774268
2022-08-30,1418.4351642875545,1867.8727173506313,1455.289138852509,1108.1540293466446,121.23148667212537,115.08498019950002,567.1663527118011,90.22058887089186,16.743776510801833,9.496564899732288,6.311593557496119,66.07491390792696,0.8145895620234492,23922.539639515107,29195.21331706079,33526.81252843075,54116.1044438282
2022-08-31,1448.4885333152886,1843.572105035662,1162.2003807910612,1115.6987697150573,114.31840374122643,112.83502324480936,570.2152696907099,90.20048477129073,14.617238751977098,6.6517796769601585,6.2972970870205245,72.07669815194794,0.7810910011531799,23833.089243029077,28629.96985947207,31053.36047291744,53343.72174742861
2022-09-01,1326.9231892145915,1873.5254166744628,1429.9173712722761,1032.5005480274,122.49071512683798,111.83382727291959,570.7911193190042,90.1817983089855,15.362509418283544,4.24867703923303,1.4104991628654089,67.7140846416644,0.7772865284965395,23486.53345927143,28116.141824845094,33621.44038984045,54068.65102317242
2022-09-02,1448.5368735761824,1851.2884053286657,1411.6082392393844,1193.5224847055786,131.1441111662795,111.55788453370846,585.3775030530991,89.69302566724075,16.142450935640834,9.717123708039749,1.5848655186637464,68.81183618294634,0.8285014503170305,24729.865646108872,29828.281989706415,33982.19047837858,54505.55900776195
2022-09-03,1426.0112080016288,1997.0064513695247,1353.4995158775941,1074.0454852949013,126.20736526470606,120.58518659832936,574.3885269267787,93.39424611333456,16.291256406603424,2.5859352363786314,5.548841172526597,72.41285567901826,0.8179252924262842,23646.126521047878,28435.393966909396,33311.179170516145,56300.269722964455
2022-09-04,1425.8809169717163,1934.458468877253,1443.022116846088,1165.8373664332373,125.22229364307717,107.15615178691154,539.6277022937575,93.92549195806,16.593508766871075,0.929276759227543,7.192358113330373,69.45756558079688,0.8298102774912757,24481.40948813884,29403.092993369686,33776.30730468834,54209.19130397857
2022-09-05,1395.997907760812,1893.6695003307955,1308.315965215389,1021.1337882105363,126.66751021857873,121.83378943626072,564.690339801632,92.77247713235379,12.670234657741325,5.892472742501943,3.436508372689312,69.4212487508828,0.832123891710896,22993.02644774493,27317.020086568027,32850.69196254388,53964.060686244
2022-09-06,1431.8685373839407,1723.1540041030792,1385.4649528145562,1095.3408532484339,122.90699856580201,117.60859018699654,570.6576379723203,92.37198216760342,16.170355178542927,0.8319265311677237,2.3980403223032853,73.80281950898525,0.8234361039795326,23745.538168264684,28913.471014710423,33387.61994495009,52041.55006848571
2022-09-07,1446.5496438417822,1859.814175227,1380.2440184006148,936.6474218221359,121.29606086975669,114.02518783339984,602.4758016713844,92.16237708374494,14.915628176561421,6.094825842285488,5.187534799288517,71.72629742552071,0.8332753611705607,22312.639627315573,27169.807236370514,33432.32532033195,54369.88507291403
2022-09-08,1457.532733529157,2024.2384727174135,1289.025393424556,1086.4356067228068,125.85466235863461,109.82570467194299,582.4554430572554,88.35859384007499,16.66755527731185,9.728520982231268,0.425518248784611,68.19301934577375,0.8317886625996759,24017.47222934276,28252.173655548766,32834.88106449703,56647.93825100307
2022-09-09,1352.6360874690383,1973.6249647620818,1404.8317307602902,1143.4104749793278,119.64669212287785,118.80598753316187,583.8321529076442,91.878943680883,15.167005042198609,3.464614656767109,3.184060615235029,68.17430210086846,0.7942127375808784,24210.1719602995,29249.211617553272,34290.55885011109,55790.20877939213
2022-09-10,1383.1713106099437,1989.0573799039948,1391.4378214376732,1128.9595453301183,122.49227093123075,115.97668437435989,581.0415592871086,88.64730970155797,14.676149099286171,0.9914863523812556,7.823537940023837,69.50906635734431,0.8016059267324517,24421.454256942397,29343.0035595921,33936.703921465385,55733.46113234406
2022-09-11,1449.5947615303826,1896.740618614244,1350.1950193266014,1208.365322607473,123.77599173885214,112.37733833336111,557.5115084728012,92.61634675600756,16.40399441063453,8.172463482673688,1.8485751083878927,71.71619011068474,0.8024640940631906,24746.594229189595,29748.618797362433,33106.77910968821,54209.355166642395
2022-09-12,1396.5185453245736,1766.3392110913087,1453.1624544941312,1067.9435285510401,122.75278201411132,113.521027306511,573.3101450792753,94.28745367206811,16.03029097055695,4.526943312221311,5.231769474836519,69.19266084480147,0.8284453395810218,23159.67258317303,28402.48284999726,33953.119313203046,51888.11387764376
2022-09-13,1326.914046750744,1927.2743953128584,1404.3323735511756,963.3687354078688,116.95268684485686,111.85514495956889,561.3550089262675,90.00345471385059,16.40061486960587,6.641947601438233,2.8674980746805385,66.99387127230845,0.8226107747003198,22595.7673080503,27256.293145387383,33232.54968093095,55180.41893789431
2022-09-14,1525.7305951792148,1931.6810892763256,1210.4514593422496,1170.7115618818639,125.62929741240819,113.70142879056374,582.3550441997165,90.22873793445326,15.3766523220362,7.514463191437278,0.6963058778202225,68.25729083950648,0.7745937823872513,24588.4339357177,29307.86422935182,32078.170202947047,54821.86024461129
2022-09-15,1349.1828993641082,1705.517980151048,1240.3541342917586,1131.8281010887395,111.39993125267304,117.80061680988067,570.7021905156513,90.4177835448232,15.664033226368742,0.7116455041352376,0.8887892483744064,69.39481103179526,0.7828738961311288,23900.38412895028,28759.837514755494,32070.055047852515,51680.21147116326
2022-09-16,1345.9819598874271,1795.0256204287648,1427.405568973758,1126.315018240534,122.73269737366039,109.77359519125622,566.7381281161261,90.74122637507695,14.511289887431717,4.356539812935962,1.0000079504827815,70.71001588726938,0.8161352420120972,24036.60925414338,29221.86226015622,33775.8439640976,52226.17502450198
2022-09-17,1428.116497788088,1835.679481065138,1404.1378397988167,1142.8992378677335,121.97015861306859,113.24831654126774,572.2714913205435,93.91450123746634,15.623950779313807,3.7631800033558136,5.5580725823361705,70.07052109278332,0.8258308756898998,24293.605018424394,29417.345052440032,33466.19723296893,52542.06830240501
2022-09-18,1452.922490348138,1671.2245046249998,1385.5308636909365,1181.205554308191,111.26217818889467,121.23116666643128,584.6954986932508,91.47277199498913,16.388056900283154,6.691594441939921,5.35045789877656,69.33324660544356,0.7901021102509531,24436.195205756114,29381.34704673903,33377.229025958215,50461.13571307818
2022-09-19,1406.027229080093,1958.6804528638813,1535.7729638600836,1134.373739847524,123.98580763326811,117.25449660806773,556.2535615668176,90.61640955584096,14.265462171385892,5.923355208284699,6.832010567054201,69.98868189286098,0.7956599662343766,24187.26161580525,28767.057747885035,34773.19892081629,55020.401431117156
2022-09-20,1419.9142686621017,1831.0054148902213,1399.5983612714176,1148.970283593269,119.57954312691679,115.80832051405145,583.8138269854197,88.78522949370583,15.990320086663827,1.3427840540827163,2.274829928615148,68.01579964988528,0.8050044866974907,24346.04583748028,29120.06890978857,33773.15892045986,53968.82283034669
2022-09-21,1515.6189353681093,1772.213009308229,1397.5168459296067,1109.2833317295288,130.67503209845384,115.77175264335557,587.8274804583804,92.84816374149587,14.695022823360517,2.5883460614939278,5.171121208111135,68.62982653906604,0.7779260941715033,23765.257823644555,29035.48580276664,33319.99265283273,52272.6005497574
2022-09-22,1448.0190998685662,1901.5231271292594,1343.1153807362284,1132.0101650836498,123.39153695380338,112.30253980070519,570.4579340719299,95.00415632704964,16.4961097900565,8.41321858548506,7.656645157439566,71.75680915550207,0.795089946207405,24041.494362064506,28790.171214965525,32997.871739210044,53979.90435247548
2022-09-23,1398.1823344148795,1926.1289792814596,1429.1940205305787,1075.9027930832226,120.65780761361214,112.33128852997758,576.0788258368831,89.1593963336547,16.69929610844145,8.613322048640864,3.2643510978214554,68.04539102160491,0.8163416023775741,23695.89530054413,28377.2015252679,34039.174330931615,54837.20403496437
2022-09-24,1396.291789035652,1955.0421392018318,1540.2817284468695,1196.0351879996472,120.86513443851773,113.72372038155794,563.3287480189875,94.17494480974528,17.06434439496731,3.671452145196026,4.387047572170853,69.96817076657935,0.8170377591218568,25041.733961166217,29793.953002737228,35170.91336817228,54858.81596163515
2022-09-25,1380.6261050710257,1845.874486091105,1480.364817155786,1145.5715130482497,119.55417775247302,117.57595124006889,575.1778810702865,90.80200709056743,14.745711937184817,2.8290680016468714,7.416906465912766,73.71164362602869,0.7928411324025989,24044.93591267266,29636.288067315134,34461.97097656953,53422.258504054684
2022-09-26,1371.1966165717938,1843.2674785302506,1287.4463981162326,1121.3681846742586,122.09764969563582,113.72223604803395,576.764395531273,88.64074502833903,14.477633339612785,7.412839567703092,6.003521766997885,69.31854001605902,0.8215331220418419,23824.861794611148,28597.957584866905,32479.73789318155,54325.018442799614
2022-09-27,1442.313100270549,1791.0588925271152,1410.2938201982915,1056.0708286330955,115.50348802439987,125.82441354562093,564.6382861100993,89.26584333841596,16.65052451373085,2.8528325575210145,2.987709259270381,72.71193228495099,0.7817070774343119,23386.59098659308,28141.937980315382,33456.98690316491,52465.68197449777
2022-09-28,1483.2722888951705,1823.602978122276,1489.8679175880789,1084.8732531287994,119.53596629546172,115.64238794452554,590.8410399861627,88.1201458951567,16.962748726985833,3.82751898504198,1.3053176071252475,68.16125100916005,0.7635945876736993,23431.85586074918,28365.59673564029,34896.33719036175,53500.56782982536
2022-09-29,1512.8044050409783,1974.8813137331545,1392.327988919877,1143.9202076363758,125.22754505269873,110.99946414778321,572.0962126785429,89.62862976266182,13.19600437926348,4.496425371518466,4.746682070797934,67.59360642356422,0.783977056451305,24189.537037156937,29063.15901065732,33440.612446848056,55110.62535832119
2022-09-30,1480.189858759421,1923.9336733942491,1434.6681050643294,1087.6464744380933,121.85524749210045,113.54518493819567,553.2439927970947,87.2239325639557,14.79167843559329,9.337749583722498,6.636069086794209,68.85483200287536,0.8225514583691041,23694.35261130652,28344.285418507672,33690.227206922325,53956.81112689489
2022-10-01,1513.99686411312,1843.653050598189,1479.874418634929,1245.4211211045072,131.64720556782098,115.72779821210092,585.8735591085824,86.28927104242251,16.83931292652091,9.697148438723275,7.538849587033236,68.85710094339079,0.7768108510080052,25422.703206805752,30497.85583729566,34043.12558877465,53130.67771642202
2022-10-02,1573.1654239008633,2000.1253568402053,1346.9555266843902,1192.0249240887051,127.19119636309802,114.76014234999677,572.5619438043201,88.57553295215439,15.315165307934889,0.6088197967803199,3.532851994894915,67.23164341077621,0.7533258886309634,24852.051550639022,29929.42415117945,33229.36419381229,55691.666664540906
2022-10-03,1398.6527864454488,1911.3160572117724,1364.074915142363,1102.8733540234412,120.75832555142676,121.13439050799734,583.720660991343,91.98201097660669,15.78310993960313,6.9778464894806005,2.3471136115331053,68.010796293292,0.8096693027450282,24134.280694924255,28586.983839520828,33557.2739518951,54188.42915447588
2022-10-04,1437.5521340917712,2021.4267876353947,1312.8076256649706,1150.8080530061145,126.83061815041168,116.80538888049065,598.714664691855,91.73664603600866,15.15749851393228,8.365442759653423,0.7380179884281555,69.8122113341781,0.7907856311387736,24716.374653185267,29271.05756112117,32184.348004938216,56076.03637057684
2022-10-05,1484.0347548703269,1786.064427973423,1426.590853741183,1175.461663215972,122.11859831983809,110.7057640534293,602.4354015704441,90.85038178460312,16.561232787929647,4.188316296450697,5.5088815950488454,69.07597758351032,0.7743464665576456,24896.663941575953,30000.953584072515,34300.71866079215,52437.20751515647
2022-10-06,1506.349561548785,1998.0754231117512,1551.414791909949,1199.618800275437,126.33909840395296,115.78028731929732,574.0288194316269,92.53500450843674,15.931142921218242,0.36912988915787537,1.1311757721518,70.28069827251001,0.8169643926738078,25167.42131699282,29700.726756445107,34762.14453990436,55707.74079685782
2022-10-07,1497.1844285895356,1966.8109393357117,1454.4129872307024,1081.0262642057476,125.23743183069357,117.622455815435,561.0044927321936,94.16792314289268,14.843977363266564,3.0654787313085996,2.471525528908657,66.71986745949535,0.8117693797260692,23602.838184081607,28486.140240858396,34038.236810126196,54998.42027673199
2022-10-08,1420.3924739854028,1930.5948393635379,1387.9229958909928,1121.9756121803507,124.5741606090144,115.53983297448542,582.7092714916331,91.19685826723516,15.616691495035445,5.087600932638509,5.852462890596932,68.3465781097953,0.7841544870344476,24035.444235363204,28972.624740315892,33420.633045237264,54809.80353439586
2022-10-09,1526.2090114481355,1918.9034406029925,1429.159599505807,1185.1681420742632,111.5273268993774,121.02673475899421,577.2001326023668,90.49307065359643,15.025209378510128,2.290884683559881,4.846579024652239,68.9636008890902,0.8086461043356549,24487.20839868363,29723.744401529042,34314.320166869154,54254.9620953052
2022-10-10,1591.0583395629844,1992.2145807743125,1405.4465548219123,1219.0554917689037,116.44838592952762,113.25039382133004,607.1210148311133,91.48737417629839,16.4994217778532,0.8045422228958965,1.4566790432136951,65.30376204904573,0.7921017672416283,25327.50118343873,30010.674811483375,33699.4454942284,55096.204191921344
2022-10-11,1470.3452509005815,1985.319647592941,1446.13938500145,1170.3117254120637,122.52114689455834,107.41690548442162,608.1143338726461,90.43587711959614,14.118443799577758,5.43038727031448,4.475188767396592,70.19390584318357,0.7750685733982412,24680.392308522823,29380.978002858606,34325.71072041738,55320.75609280779
2022-10-12,1383.6443279168093,2001.360073686788,1353.8425480063454,1069.5834556793568,123.55598308490845,113.80463709923788,555.884502549482,88.81999212575226,13.919542531471091,4.771345620738231,2.3846943830080676,70.74880681462271,0.7906947850785403,23427.608098110955,28448.61954411941,33617.4254150744,55349.96741647687
2022-10-13,1540.649407437552,1921.7578321606745,1416.9896898439376,1055.2775537396242,125.66434869100104,116.21324255602595,573.3844035388763,91.76209100170885,13.425846998422278,0.9606730995623758,1.90346755653918,69.55654735046032,0.7995476537622167,23570.774786495727,28421.36665110059,33929.92918423832,54714.90181577276
2022-10-14,1352.5831069126334,1872.3611149079693,1454.3542019894521,1173.6708330830927,122.05079875612694,112.00724537508006,571.6411128353592,89.0244435882191,16.655516216876848,5.848123516342742,6.198674524131702,73.43881886973529,0.847202747708826,24508.55087882903,29514.93456436662,34098.02595409047,53477.909889848066
2022-10-15,1481.1338027447084,1985.2763113802812,1394.110473763176,1173.4615342770776,127.63966840374061,106.09864386668221,584.4150957455237,88.95345450226408,14.427563842384313,0.8906124124581338,5.345038808237692,72.49746428848886,0.8014352070378145,24569.84191316674,29625.46232811465,33576.21296721824,56303.54806777518
2022-10-16,1559.616826417559,1905.648421649365,1486.911330634857,1144.305215775622,124.41186601903834,116.21598235434102,558.5184515502211,89.71095265760212,15.361468375455926,0.9538751899906162,5.407031927495161,67.87551086051695,0.841531451905679,24051.295194621645,28991.0821999012,34589.65434554602,53569.907080662684
2022-10-17,1500.2821969978609,1954.8594378121418,1468.3065010423622,1163.9075137069522,130.7599985198871,120.18432081170495,591.5407325580168,89.24541950607758,16.611718638102722,6.902549350193908,2.9570683908105266,68.45055425001367,0.8137252017859022,24472.721906863222,29561.432306785842,34492.876126742296,54936.14779444105
2022-10-18,1553.138315240694,1942.1626067754253,1568.8858508326132,1155.1976904661567,139.51309886543868,112.10839240430062,573.4130875766527,93.47898178021481,14.269082558662358,4.7785829817338366,4.34565612218627,67.41804154981178,0.8383488142099371,24308.37099507814,29351.919865455155,35373.61755772856,55027.73606478583
2022-10-19,1404.6378503852798,1858.2401909272999,1483.4942749735894,1168.5596614923088,114.2818009885752,115.59306972752152,562.0779333135812,92.78530155588878,14.55561843995866,5.1062149746313,3.987912958060341,67.80164444324603,0.7854492184923749,24680.374012950793,29073.618320250545,34730.76003418007,53570.53549884746
2022-10-20,1485.5498338264265,2057.345131223709,1503.2433243676182,1093.6218066948004,128.81493174769946,120.35448529588955,582.660937472152,88.87606443218722,16.118493953642083,1.5510009538818958,7.259474576384534,67.36563463129605,0.805068947676523,23943.150931830816,28215.38238594054,35122.81435888523,57113.22882413164
2022-10-21,1504.0905858732663,1945.1063321574266,1382.8662486290395,1100.652322443811,118.0828436731008,126.53961961290626,596.5851239342744,90.35116204707268,15.616031505559974,9.943120818713009,2.3138698381380163,63.48788329060588,0.790958043742652,24089.92253673825,28882.445534778955,33485.92044315999,54670.9418519512
2022-10-22,1434.2972930048657,1893.5526821969154,1469.141970988285,1187.1806050249402,129.73927010050656,120.71100129659774,595.7316098867982,95.66087992919674,16.386606070473377,4.762187530384403,1.8575094287785188,66.54834237138037,0.7836505863828771,25368.669973837204,29681.89175374058,34653.538620720305,54201.73623440614
2022-10-23,1529.6442027535936,1951.2490429320244,1522.2360128872228,1167.4391462164456,125.35990378297022,118.78557697587217,583.957864975787,93.01863405181184,14.43785734324086,5.8890308338118835,2.661929851424385,68.55626744038943,0.85645410281727,24643.473059487165,29513.45939235678,35566.77803646651,55309.38830310351
2022-10-24,1496.524963394169,1919.972294297825,1368.222688414593,1129.4445689609838,120.23767452237959,107.7887170459403,556.9686834679155,89.80482734519536,17.85752353710333,9.576455985332581,2.2218928173323356,65.9486733330649,0.7898304219646163,24152.94433077798,28770.390673570073,33536.40624093946,54185.1938727644
2022-10-25,1501.4749867994296,1825.669428194655,1558.863264961263,1199.0438434074183,122.92426238689097,120.26398745658192,591.1009329576085,92.86275019087272,15.578269190992607,7.086382244366555,5.294829029328691,67.739624345236,0.8342057244015294,25191.358599564566,29942.237273732047,34843.87702836577,53202.68719207115
2022-10-26,1549.675368048895,1897.694289927003,1512.373124702385,1269.8487269096538,125.78403515397606,116.02644217253665,555.9966569633256,92.99380318644383,14.170534575271175,0.31424365039253943,2.2014172767969766,68.65203332491481,0.7988226900280072,25818.01569764246,30196.297919464407,34313.14328948687,53847.968508983
2022-10-27,1530.1343470144775,2048.48926872099,1639.1714207317646,1307.8732736654213,121.63876408045834,118.79167861698615,581.8601864978476,91.10814778510642,16.059897741980905,8.94871526014661,3.629169590870963,67.76716799749317,0.7865324650873734,25961.07099960217,31087.725016562268,35607.625145361424,56807.808802813954
2022-10-28,1565.637094743842,1880.2585702672675,1542.8202036494422,1159.7480803422882,128.86558414285253,115.42212806147674,585.958499079407,89.49061343515352,14.456316103145848,0.8939540360772769,5.904260715073582,66.64732550048085,0.8049512128758527,24569.374590593008,29181.42197354284,35459.23277568183,54146.36232249647
2022-10-29,1468.8595568390076,2076.570123461034,1449.752133179688,1137.8875889784047,128.9943386266445,116.69456097491862,570.9123845384174,93.04645363319413,16.165802337829124,8.996456720801882,6.881074550908315,67.56305742975371,0.7961433104332144,24067.37337485568,29156.66122868579,33647.326818288544,56559.04272352415
2022-10-30,1497.3649539347662,1938.1587096074397,1388.512710417494,1183.9930166417444,130.87338628000506,116.96389848410632,573.8663914343947,89.24976566974028,14.218814775288866,1.5613965332573931,4.684360573358,68.05909318676717,0.8281632549787159,24485.021505702593,29787.095361686144,33762.21528837573,55138.38617049957
2022-10-31,1516.9034872943148,1828.9056147938659,1482.8934698271944,1176.8435533845402,113.10713370458367,116.16683120360084,577.0074298917476,91.8554718945652,15.93528969232368,9.95587315749964,4.705582085814834,71.20722483392828,0.8030017921288334,24826.24490677328,29841.141494395484,35123.66822712089,52416.925276702554
2022-11-01,1482.9883328925437,1992.3441124391318,1432.4912488625373,1311.1329570790201,132.62639139187777,121.25088744600035,574.4127231994607,90.13577879955834,14.619925175052101,1.7617515801568684,6.882305142304167,67.83886193821468,0.8308993067610605,26026.89677753138,31106.508956565052,33858.83727605857,55327.74543812824
2022-11-02,1383.5840110473966,1827.648043212771,1585.1914003636098,1234.119596623883,118.16728048915806,117.21607774791201,575.3397101133579,91.07056317773956,15.564605869056647,6.1481995432604455,5.683121150907864,67.30662103576289,0.8156518882878382,25318.239889378066,30187.93745403039,35176.620023834155,53445.31330768722
2022-11-03,1461.9348304246514,2091.722432831935,1602.9731100390534,1107.330887284824,126.5409305237238,114.7654872634793,584.7130186872479,92.44210304792857,17.467262740754055,1.28623941422507,7.429703402604722,63.64269414899279,0.813610684928626,24071.295462763144,28889.495002398668,35841.37131268474,57239.3688639064
2022-11-04,1604.4030687137642,2124.5634952764876,1612.9054667499236,1158.7081894896457,121.93068008160633,117.96285215115995,599.2065433375889,93.22018296019819,14.700670078000254,6.822870401394327,2.820493170866502,63.49281737523955,0.802549733874118,24359.442139413208,29533.760172846974,35647.2842227313,58255.72292798831
2022-11-05,1482.7154074900227,2008.1686093420371,1448.5477559454355,1265.2076387119323,123.60740955501778,118.03423074428322,563.9550670399722,94.99359629988894,15.433268513882219,4.626959507297811,3.2260217448061193,71.32538502184721,0.8252659294190862,25258.69215024492,30781.522602800982,34229.4351968631,55363.62245868768
2022-11-06,1505.150861146937,1869.4811119220765,1463.2086086544457,1201.6507760109723,116.77975809085368,112.94278189835794,582.7294109488129,95.44170122258366,16.465628520353548,3.740680054506308,4.9426271280685405,67.30614109091735,0.8009600819619305,24843.588607065638,30122.88065622334,34362.241519757896,53336.599201536046
2022-11-07,1565.6268924286749,1988.2375238856705,1468.2453351473303,1232.919521817393,125.552729466834,108.81302356556417,585.8810237289414,91.26950000044607,16.729857735627043,2.917502191899508,7.806973684382903,67.25261475951417,0.838539601864756,25258.00380099372,30506.05387114158,34733.39607624932,56129.23302431019
2022-11-08,1536.0264324896018,1950.5022573452347,1525.4483889345745,1183.272187515538,129.85734422124784,123.35314979176243,580.5943792296551,93.9412033080241,15.932300119842214,0.5796803281669538,3.086290551693052,66.75343719333947,0.8403157821641388,25203.630249069687,29331.027334003906,34467.71493130595,54875.630111785715
2022-11-09,1542.3586667932489,2170.625651105442,1441.445780323035,1064.185615322997,118.19751138732936,115.54350543838072,592.6602377654816,92.68167243444492,14.709590047026,1.989070837608563,2.0035310383481004,68.70884665765395,0.8385314287452679,23511.141717221082,28132.71307864694,34148.266983356596,58556.68538689108
2022-11-10,1482.2864453698585,2014.6258327176663,1558.9293474243702,1177.888134000508,111.6427182760341,114.33774629123701,577.8466531954249,90.92676650904868,15.771002633231916,4.827151032871001,7.384102025081783,65.03553112389349,0.8135702052941294,24678.975338902168,29595.316977963637,34948.9526827742,55660.48936329841
2022-11-11,1491.5851010259532,2066.394462498833,1365.4180591130212,1246.9446122376569,127.65099744819884,112.18240698102721,577.8385998695911,91.55435056107571,16.99866894044474,2.638867364074431,5.765099113143882,67.01513042708893,0.807091087092581,25464.527768581513,30249.836001348787,32824.63370066647,56543.76071238202
2022-11-12,1492.5176865772746,1779.185119206937,1465.3006830152804,1166.358563991172,121.19949995319182,111.16779298179209,583.374192798465,91.11397238919237,16.235541880468897,1.6267576136803164,3.3018493240030784,69.28996952690323,0.8002674677891636,24486.210751027094,29457.46096429069,34689.88410564228,52649.51412916343
2022-11-13,1538.832014803573,2169.3160641117224,1394.6666391941988,1227.0124413867181,116.14880465256589,109.23375016824049,570.4611306778753,91.38385128653769,16.070171919303203,6.988147182250844,0.42057758263772094,65.60427873677635,0.8227194754521601,25224.816592980093,30426.308608653933,33412.22739647339,58191.61092305975
2022-11-14,1619.6115430001441,2121.307641068643,1561.7737254935064,1110.6508411670718,124.30608509926311,116.97851905120393,599.4238891003242,92.36950333332054,16.582901885889306,6.878292169656094,1.797314375311843,67.62499037795699,0.8086869112065055,24320.637191312762,28918.987698249468,35160.547174893945,57100.554597857496
2022-11-15,1479.5324884731585,2089.238957878564,1485.1830335304594,1165.6723768095778,127.75298630129441,116.54183598968639,600.6296494550061,93.18809795475518,17.06848193705555,2.0641571465404573,2.9614122735626633,66.69516444188439,0.8069456122080539,24999.498128507043,29296.06469607573,34480.10052967897,57294.79224927182
2022-11-16,1546.4963098916414,2037.1291394343893,1574.9772800204348,1208.389605452925,124.32768643828125,120.49307832351627,612.8735959203314,89.29141394170067,16.379196968837956,8.79564946321288,7.810035195086471,65.37226716392124,0.7924844703808424,25059.167681922976,30490.824971826198,36248.433890084016,56592.58960857175
2022-11-17,1515.506174459939,2030.3376919037435,1556.825654828797,1289.4257652067568,124.444865427504,114.35597412013485,588.8735031632366,96.74653931519356,14.264435717745357,8.770344209925609,3.8962105501113538,66.23080141229792,0.7996170883481066,25728.985690067577,30695.109297910385,35291.034301751395,55987.25936568545
2022-11-18,1521.1150298543703,2092.2717227235394,1557.172238519363,1196.2716388118706,116.93208935724145,115.97711453151085,565.26889389859,89.28662592042895,14.95632263941947,8.286324973103309,1.2349229835133126,67.40538644694432,0.8074742923186948,24963.007545504828,29409.058547129298,34472.469197938095,56657.620820541604
2022-11-19,1430.8562609933135,2047.2924430620974,1611.3434297938252,1264.003880950614,124.08587763816159,115.46636027153865,582.8369073904296,89.86602294786998,14.909325389789919,0.25814661280722184,5.583244113230563,67.25632481604013,0.7879612773158893,25404.374689975917,30901.527466588865,35480.22038956606,57316.03993963482
2022-11-20,1563.1133705722011,1949.4407350373979,1527.9099254527798,1302.3591328453165,120.44879927094635,119.48676658427526,593.2722199670313,92.30490610720103,16.11982470109967,1.685459324414097,3.113787888185631,70.24637531805185,0.8375050688746009,26547.31823977527,30798.052905316028,34922.522321140896,55582.55815085467
2022-11-21,1533.7370864856643,2039.4882568002697,1460.0796112018156,1238.1850846252664,131.79297437546825,115.10466074811542,568.9553933145183,91.61433515531212,14.902076122738352,0.691580741635569,5.267335541688843,64.58512100798512,0.830171496894359,25445.114850560094,29994.453020147994,34191.89302134509,56636.59699942605
2022-11-22,1608.8952032180614,2052.0137026516372,1535.9783167405678,1225.1778703000957,128.37430837267235,121.00745558293235,564.5995514268221,90.17623678127767,15.764622387394587,8.284094163036217,4.739799610110506,68.04314525584716,0.8068054002441543,24839.912156063583,29818.989545024244,34539.284351511065,55926.186575642925
2022-11-23,1500.9464456442045,2129.9661299954687,1534.9869178677534,1143.0343722210532,125.03860820187604,117.42415640381688,587.8658557086869,91.09523097859194,15.62537034509116,7.912763165008757,5.093066739562082,67.87778711065646,0.7777978496608561,24522.22454584464,29415.065066967956,35759.42658184704,57668.622677809784
2022-11-24,1503.0138132558025,2170.519943749605,1537.1016993407404,1254.4434026620768,130.0899240981788,114.88341527532319,563.8385721461141,92.33180961145581,14.806022929943321,3.509674643521575,5.082837633152732,66.96529261191587,0.8378132747043335,25126.37702376078,30499.44123521224,35019.79377688434,58410.98308557443
2022-11-25,1490.1235632799105,2128.911494641123,1425.2775122779972,1253.9152715863,132.00137911812453,120.00244759067436,584.2759839623923,89.94715197814952,17.42663775755012,4.565073089226458,3.340815233936225,63.916759961410975,0.8189604613661929,25201.130492251727,31067.522783333898,34062.19977615025,57851.81626828383
2022-11-26,1630.4371791527976,2136.26660824513,1638.9705406347223,1215.278075446472,114.40126718635413,112.75763484808786,563.3053764743231,92.04548404216877,16.840763570068134,3.281926217677885,7.429582721911871,69.40500361478188,0.80832780817662,24854.745545788606,29784.741712154893,36246.8776047293,57646.86507443925
2022-11-27,1450.904774367079,2024.0239367011347,1478.9525406632633,1223.6465556883668,119.55631882261801,117.42155226238694,597.168188572634,88.01363154749275,14.481668625512507,9.387075398683734,4.374283165798426,67.38696991413552,0.8150233690845963,24905.888375547962,30174.76411472833,34433.392182855285,55918.92755694613
2022-11-28,1493.1559121372068,2016.1264156994928,1638.4579163439764,1234.080636013239,120.8609599901558,116.8096326838769,579.9622540881243,92.7944133404056,15.747229468191344,3.0721842710429215,5.704009036218985,67.57459061741437,0.8384343617131825,25264.677919402402,30158.164474050103,36002.38604491205,56356.71844937721
2022-11-29,1485.4929396781495,2012.4944944811052,1579.4825029437725,1200.233759708934,126.76987293413481,117.83423935724902,553.6796047503118,91.72102431413762,14.94435939435862,4.903510336901915,2.8526333308237195,65.09116486347355,0.8228873631248752,24637.26512528243,30195.47076158031,35724.91726415467,55788.41545654623
2022-11-30,1542.4163576803398,2023.5085333412187,1550.0727770632323,1235.3668980870268,129.8938211744052,126.4459786004784,570.6497529379627,95.5801335023931,16.44468151040744,4.169147963634109,2.0681193274812353,67.89599596686212,0.8247617377853959,25200.991448518904,29801.342589781383,34984.432754673384,55871.29882273483
2022-12-01,1600.6503867868767,1985.68766064997,1508.345438881625,1263.4290506883071,126.92960729987206,119.80629339671313,588.9766390642449,90.82689018649789,16.225093358214355,1.6979022937285748,2.6999680999346074,66.63742643734275,0.8439854573436598,25413.941491125614,30990.386362429123,34471.30094008685,55867.121884835295
2022-12-02,1597.088241794689,1978.4755140823165,1536.0635176231212,1202.3502559400465,125.86262583536755,112.50067119688411,586.0091228564784,92.18049878728158,14.98893329004933,9.620709376329279,1.6560489365992126,63.28498225137164,0.832978588913082,24747.37482613856,29686.84703053171,35314.474465099935,55804.63383032518
2022-12-03,1616.8276798254274,2011.102108682629,1569.7216357037287,1166.755004920998,123.98219911457997,121.00108930718483,577.2518912840171,92.49683832281174,17.072534694621556,4.819809418391092,0.7913637293401061,63.39448344854962,0.7757744915332113,24454.327856738833,29942.617145248198,35203.910765471264,55333.19914944164
2022-12-04,1492.6735151396197,2176.910920271238,1564.5667575979878,1222.2445365690137,123.50617753005842,118.74884774784955,565.1702717544244,90.65637864026165,16.56371487731907,4.655133414753489,2.401160722656594,67.45033290768517,0.8199696018693509,24915.099926119037,29906.7460592789,35012.539593529145,58443.85875227011
2022-12-05,1570.7615262906743,2101.5725005901318,1599.7090850837978,1321.008731923192,118.84879618675738,114.06216280844626,565.6076803936247,90.57775435111715,16.19341176319732,5.515974322432254,1.9943797049421557,66.73721903365453,0.8426102813125839,25867.391302782013,30914.678293066103,35181.79466436827,57174.6420327107
2022-12-06,1622.9825074622308,2025.7674132751088,1449.215494977286,1198.2558743842437,124.44678736629449,118.96238468180262,591.8567534216542,90.78809358774967,15.911584905429855,8.832404768504583,1.8855412579648823,65.52449668260927,0.8092036990403221,24989.647979737798,29789.122587054888,33848.71994726721,57027.15539335413
2022-12-07,1554.0366973666444,1988.6328538981347,1567.0470006018136,1328.8921185067618,126.86210201615832,116.03186364908298,593.7789199122035,90.9390140825157,16.146627113138507,1.2892140815409359,4.984912658870705,63.27013792660283,0.8279032341589581,26328.93660099969,31470.441432065036,35819.76733099761,55806.763842715714
2022-12-08,1542.99531144975,2143.7077631927673,1589.1023314525607,1203.0993794629248,127.08770909370152,121.89198764319765,575.4255006981538,95.3536033052096,14.099782186587413,6.542913180179873,5.6010116875717895,65.45547110668201,0.8325497722474151,25126.043432866532,29751.395346024718,35152.03315494797,58471.64789448607
2022-12-09,1528.8751469902318,2120.352747233482,1471.3107992503647,1204.4148345314036,121.41898978161234,120.40649913225029,573.1711404821807,92.47176049012214,15.695892178204275,0.6522090140292125,6.729732090564388,67.51457647284737,0.8260475382643229,24913.519528649744,29884.299774146653,34319.1084016054,56903.206218329695
2022-12-10,1526.922417362387,2258.743489417599,1413.6376718143053,1244.593899557613,127.59694020029265,123.68094491490506,607.9538430610137,92.61206046885205,15.601944876666359,0.960016499935874,5.790134081265191,65.72102889942776,0.8321862391348136,25528.93959823918,30941.17661973657,34072.88245981453,59817.28141678268
2022-12-11,1569.541889354787,2167.903344815321,1613.0881721270155,1429.5419395604567,118.72146332209653,112.74596164936186,566.2481006780005,90.51590601620869,15.281098387438163,7.325581500688133,7.89612645809955,65.1161814431012,0.8645867983672552,27416.563539018964,32684.74306468866,35212.48978055879,59010.23857437764
2022-12-12,1569.8407760252019,1981.4184609660606,1427.977814712495,1333.694465621796,121.98581682662632,116.96837121281483,558.7465967317246,94.24263784113192,16.53256889052183,9.734800905931976,1.3788845316186054,66.31687401147441,0.8369310178507904,26363.911933548887,31530.443731140294,33623.08494036225,54801.746136139394
2022-12-13,1584.0397391343593,2003.182133655956,1593.3762362732864,1278.0510237569563,127.52016694864804,115.97658818679318,605.8093394792835,91.65266715937422,16.873317133902816,0.2393655553951679,3.0285626540917194,62.575850315649355,0.8684149382625204,25756.78106462625,30745.56953110861,36288.14040909208,55970.98673721871
2022-12-14,1518.84839850273,2095.5317060443153,1528.868495654157,1155.5337870494955,129.15354871606132,114.5781918955476,588.0595382808834,89.51956182179758,15.9983382324162,2.0137419024408576,1.168816299045103,68.11524591861374,0.8198556125431588,24629.162733133533,29368.067057113512,35709.74070884445,57713.106292439676
2022-12-15,1592.2695257440803,2038.2914353302522,1639.356311673001,1304.5080632447512,119.32276293064805,120.96122852853378,583.393099515049,91.77974964919338,15.99886143403535,1.2058983573388948,0.2638886188054288,67.84591989411942,0.8397481629570838,25795.60324753762,31314.427315115092,36420.536849382144,56390.625822614806
2022-12-16,1602.7658308347009,2227.6447341299545,1613.989762857362,1364.9494797877571,124.16285225099658,116.6790514431249,561.0054938450181,92.948444532455,14.142153045082146,7.9002487647403346,3.3014721652218117,68.95514515722758,0.8225121036045457,26908.62983198826,31631.83780563472,35793.09901944321,58905.98423027304
2022-12-17,1529.4406879953292,2008.9273459822307,1683.1938060399768,1220.9864102315894,131.63188720905978,123.89363085556595,600.5054955105254,92.5587021829316,16.14441771185125,7.9397209363830346,4.784458001773094,62.68798741641349,0.7981594510129091,25231.002717185627,30556.37487070623,36981.526254281,55814.73098998435
2022-12-18,1560.9868764848702,2046.973622751971,1604.3983606276163,1358.3493888898074,115.30722455597743,115.67218864463076,583.0422505249937,93.66416299178843,15.222728303653398,5.0514325034461915,3.4272636524470235,64.3856697246139,0.8168966233008537,26630.37640065677,32115.959786465533,35209.47877990436,56776.98146314959
2022-12-19,1540.2014518500878,2179.689738992166,1666.306340229462,1222.1432914480408,122.81368509647136,112.41235140564706,584.2211181115183,87.19750712174991,15.539480387535269,7.382384375614296,1.7300141118472183,65.83801430077654,0.8498212711552918,24968.28265515393,30444.142639948797,36045.4143377158,58193.38910589437
2022-12-20,1566.2081555914679,1920.8842091818685,1532.8837745238595,1325.3469777250057,137.62700833974566,111.19027945949372,571.090005887894,90.97909731470867,16.385527627500124,6.063672360748633,4.142913837081258,67.93974842826707,0.8541588041391225,26078.071250304176,31568.58637009524,35216.185827870664,55096.139499725
2022-12-21,1517.0498908614218,2009.9301334702025,1617.9998823803346,1261.300110011886,123.16182109882142,119.6285721804144,593.3468207085763,89.69052705856501,15.683921881547311,4.987854689838991,3.5826486196785714,66.39407928317999,0.8549624655536249,25577.703799532937,30280.735307251958,35957.665374986595,56187.34283668525
2022-12-22,1551.1764307637563,2039.2064017445712,1669.1694122551553,1247.8224672950394,124.31036465545625,119.0085169881738,564.5948926581439,90.47360408548462,14.019222977958806,1.8740572089502727,0.9039808544197383,64.08442526221128,0.8805721845128326,25588.947747880713,30084.42993422265,36368.14696908233,56735.132218080085
2022-12-23,1635.893692621799,2191.9293164318483,1505.178867391917,1211.7274435834643,124.3046364290898,117.62258169578556,598.0044824983844,90.17942239937457,14.578407054721945,8.38003474849256,0.16394831310851465,63.76641046898282,0.8396826705489498,24893.227595473694,30354.330723112875,34257.05849925112,58818.1906989836
2022-12-24,1634.0911270021288,1930.2427105596807,1610.469227751708,1211.8297804269564,115.92095074279591,114.9708524798502,573.3077259204689,92.07501837017264,14.549783318209396,7.511928710114048,4.017652710902582,67.00341959232597,0.8737300239293334,25106.650075005924,30221.448347903373,36394.848591423826,54536.11598743768
2022-12-25,1624.0705906859046,2180.3678217396864,1437.7404395459816,1285.929784758746,125.27226045446317,112.7792962311277,570.9092969567288,90.5724795064175,16.088108486933336,0.9251492801646943,6.357245103667235,64.57327864613117,0.8570179267312817,26051.201016094004,30864.354807520824,34084.52921214785,58558.08922275194
2022-12-26,1560.16612897907,2188.72148688108,1637.0851116748934,1318.3043736151099,119.32787512568079,115.97409901643411,562.6529622371179,89.55671823635586,14.848174416668963,8.840171138665566,7.826820739301809,66.89502099895901,0.845101125473826,26103.640688450236,31552.908567706927,36106.69287833174,58272.13253356771
2022-12-27,1580.2831878148395,2184.829628407072,1735.3400814090146,1216.7741352518797,128.87794637568672,120.22401654964249,616.3940591117381,89.46010721956614,15.42838730961618,4.748799579599967,0.2539317104109289,64.17461418823655,0.8407707902388759,25000.601329633166,30201.56500410883,37485.15499979627,59539.16488505585
2022-12-28,1594.4503600539188,2043.893706953146,1652.4387059194419,1283.364394240343,120.99150490054355,108.69790411820807,581.8096232156163,92.62556899797222,14.816401706269422,8.389552976833869,1.076654973895935,66.03179914901962,0.8723775200566469,26049.72158215842,31079.68438619054,36342.44488587505,56451.10612107097
2022-12-29,1631.7650515233645,2174.738631037814,1489.4409327716749,1365.201673803439,122.82330879370576,114.75968585671164,589.4839813769769,91.1047454327487,15.921566363928529,6.848901022761545,3.6960718833168826,63.37640416594769,0.8812181019779186,26412.150588462708,31732.568723008866,34848.17867797604,58895.44704016438
2022-12-30,1612.0708259937824,2080.5159948548744,1596.877679667421,1300.2614924797424,120.37930941924141,115.272190042005,578.0580518133971,91.42238371650629,16.35315029470828,6.1903028265360245,2.6984871447935213,68.46601889301134,0.8348594893966408,25759.333805738745,31139.317205468804,35509.246681527955,56997.94653464357
2022-12-31,1620.164627111997,2231.591550580719,1564.8262932912842,1328.7854025664158,118.2844750842144,115.52419151268437,565.3093193950294,93.22031289973265,15.92920909364839,9.07719504399071,1.9071168950873467,64.85384925689014,0.8713001854254713,26445.406147020043,31216.52855241535,35063.527040661385,59141.85279046519
2023-01-01,1640.6168642735488,1989.1590549837035,1580.886381360868,1299.1063108022415,120.49461108277313,119.23194952008588,596.5562856872738,90.3273544911013,15.392837266576706,5.528193849651357,0.101146431114854,61.754950929416616,0.8348885080092693,26070.863680665294,31027.147828969275,36061.906772588656,55935.187798360304
2023-01-02,1584.8091917323222,2123.859915690162,1547.7382274862537,1244.2720600223522,124.40799264347253,117.54887631090935,611.7827358491996,95.50838569068338,15.326774283135984,3.485182423752774,0.37957265501489523,65.84534074801218,0.8330469545158361,25379.33486688474,30888.41411256725,35498.16517473494,58423.47779681047
2023-01-03,1569.8367849731007,2137.5470239973884,1553.3632642505008,1350.4179060546965,129.52157279745683,116.25913774243269,594.4725012178811,90.77377051568331,14.735632686548783,5.369806881308645,5.179500294695979,66.51631742719384,0.7992825277969194,26508.933663847514,31919.527515288217,34770.79881787425,58226.619428211074
2023-01-04,1666.657262199699,2182.1795865532304,1667.8874118738618,1154.6152068873612,126.97373797769008,118.38184688044512,566.5428149211567,93.07457566411325,15.27154671276358,4.349285632932654,7.530989147295472,65.0160949616512,0.8372697050849678,24731.770651468887,28737.822524936782,35784.57795694818,58346.582243926714
2023-01-05,1582.7047432379413,2144.492445974871,1620.1118087818447,1296.8436933237233,132.51016267317226,110.80539807023835,587.6314470465591,90.29773533549803,17.26701051294819,0.5536912347812983,0.7157811654020412,62.70483226230298,0.831602115061706,25872.653351476878,31111.260490153465,35728.67665994723,58420.05746131246
2023-01-06,1644.4878149995836,2443.5975775008587,1426.2055071750879,1271.009225840725,115.82032038235175,113.49291183018492,586.0511496504079,91.74684420546558,15.078183882692635,4.87303979515394,3.4757248366678946,67.21737851723428,0.858692260197999,25767.15767252003,31011.318186459757,34343.26256661673,62517.092876364026
2023-01-07,1619.1173941569314,1982.8931301946488,1551.8815808603676,1405.5951485265273,125.50521644512085,125.55520173442036,591.6379761330551,90.30438468336135,15.108542528982166,1.2066532982220213,1.3433796737983483,62.09226981195052,0.8169511940236911,27123.804880643427,32547.610077412683,35596.431578978576,55482.95387449425
2023-01-08,1690.8361696273266,2083.4065890804386,1610.633844177821,1317.8931033712927,127.71961859304976,117.4531728446543,597.2980434516711,94.79206629324409,15.292384521757977,8.747526583404529,7.675601481665285,59.86161859623645,0.8637249960791973,26038.09817976475,31094.039390625792,35924.80771606884,57275.236483793095
2023-01-09,1636.8891898506927,2198.5052999506925,1641.6343634099417,1311.8623781272033,124.86422080264,117.1205682434284,593.458998577178,92.05204751247447,15.784609299298452,7.463902586881818,6.204451003149597,68.71423399028656,0.8771133873103996,26040.33739814673,30784.321526819836,36686.95601974179,58850.958913117785
2023-01-10,1622.4148897523924,2370.361239096506,1696.7599957503128,1255.6743704177459,128.51239981294245,122.26265869383903,585.258172497737,89.09100119036327,16.934210883883836,3.3357762652647036,5.360968212601327,62.16245683400625,0.8248495301802518,25588.609788533966,30731.49469434387,36713.75550362845,61130.05798995308
2023-01-11,1636.1844341865437,2264.0657101633346,1563.0195105209843,1254.773401966463,123.06284628001575,121.58954358369571,590.6026562244468,88.42174278497032,15.67108138612588,6.41423772032303,1.8017247476927327,64.43240900443327,0.8520330596280085,25172.098269554084,30580.8107414333,35687.08401949913,59592.16637784932
2023-01-12,1494.0496866771846,2050.553940789129,1554.5861779098639,1195.992757854074,122.4472383468392,124.70404651318049,596.1137048786935,91.94814268765538,15.156191430523881,7.8720956668117275,7.980281844143895,64.34767348861058,0.8570758546238556,25220.86369587462,30374.256671761166,34991.68037939038,56702.2111843344
2023-01-13,1645.4427328105728,2031.6869206908425,1646.6560179988198,1190.7761230791864,114.37534550997371,111.55915676608504,571.9288032097155,93.45492780018786,17.0541150180138,5.744902205844191,5.966777153352074,64.68173396589833,0.8946801206719421,25069.568717235146,29718.752952577546,36125.17957830532,56026.528598093595
2023-01-14,1525.0676825777232,2268.5427988732154,1615.5203516494225,1328.8803000132948,125.2014067428909,120.0510522963739,579.0259398112577,93.29105314257646,15.576053980355795,4.9320194051617525,7.470708034310162,67.22412548125968,0.9116194117053245,26320.323261337784,31556.34974420167,35805.616540331335,60607.15205864142
2023-01-15,1612.4089369953904,2296.6541839492024,1651.0822630970335,1284.7579983937076,125.62147611882324,120.88787693403094,554.9413132852853,92.13678673005624,13.999281461873066,1.4803327516890163,4.661827996705111,63.19817672384124,0.8743123803644582,25896.77078182495,30585.95070799624,35692.878804033964,59752.47689387808
2023-01-16,1579.2439562598904,2139.716601115965,1706.9425147851568,1405.5549416790473,124.2786637244315,118.12803633026373,598.4009098449008,91.91255502191517,16.044295460314643,2.4491564052729653,7.500090589591724,62.27438441865177,0.8661046569571184,27037.11028759097,32685.81980506594,36591.868077276886,58220.583581433406
2023-01-17,1612.0071975711508,2148.491634664303,1571.9750121109246,1278.3568568196022,126.08805889252858,120.60885510795629,572.212463544167,90.10448920333089,16.384769103030216,4.337775420777774,4.7716006480880555,68.41637786124902,0.8550965014776009,25907.423430127346,31055.835184649157,35166.18433874081,58829.80076248925
2023-01-18,1633.192173614322,2071.0984036235923,1621.5826162182002,1353.6313108350016,120.6310457446817,117.70851291750733,581.717062506786,93.5404079791905,15.441227770007952,4.01324927935299,2.5525412900467552,64.87986807165075,0.8721880036945159,26286.473504568345,31270.27171999727,35984.21464822498,57549.9457866075
2023-01-19,1641.3748350701076,2174.6788035141767,1642.3030995571496,1328.9665713390546,107.44872120572518,124.95105481151327,599.4043519904852,87.33879773326397,15.754558725978855,9.09018181008467,6.735031224038773,64.23989692648509,0.8616226591971294,26583.434008205764,31227.602003521642,36334.13714318409,57895.44970326072
2023-01-20,1580.3666163634778,2142.6871429681614,1609.9635414208826,1365.0353524120176,115.81806513214363,120.50788410418653,578.6201841653046,93.33293780614919,17.077231370680963,6.321930777048429,4.676022324332757,66.11125737339383,0.851338398505118,26477.814107444694,32191.233739946674,35904.25734409372,57977.64275349494
2023-01-21,1609.5075587397293,2217.318668268738,1601.8647560705338,1316.5701535236506,125.74317249827166,116.43006325356414,589.7940639298122,91.6075119415204,18.344299630657964,6.412641707051634,7.062267977993381,63.24314560407756,0.8786041216564006,26177.899931153734,31315.11279166221,35460.72649606969,59215.151856506534
2023-01-22,1622.8419843496556,2130.6734221625247,1595.8770359402754,1415.5407214509048,125.44753652436447,117.9439466364442,622.09200326213,90.85959260690619,15.329305821236144,9.992431427382964,3.9562491993137563,63.71721605122617,0.8630726596642105,27072.406885508903,32593.512611208145,35912.262787481806,58315.50348522815
2023-01-23,1561.130949696173,2319.624615015778,1552.4512532842623,1306.4949695594687,120.37577617818205,112.69336679175215,550.6809101088804,92.2475820031935,16.49695178125062,7.286141698705011,1.4027124309324543,65.49658225344403,0.8965839451025769,25619.67740786422,31033.04355447072,34963.04044649542,60325.031046924996
2023-01-24,1555.9176738317487,2082.842246103006,1636.856020820957,1307.472096046806,133.06080285746089,120.37061623529846,573.8776737063979,94.99295478975118,15.517602111395252,5.415457611244349,3.2323200134705043,60.91101601405811,0.8573161186729498,26062.86394481136,31001.323871182143,36326.583104804646,56256.71563212239
2023-01-25,1628.2782506342787,2292.642861724246,1647.1636170741194,1312.4432020205616,124.1487973145841,111.6000958508206,565.9654917329048,94.5786518857231,14.978373669429272,6.200752018038925,2.833457387647349,62.250123769872594,0.8721519175166773,26019.397883699683,31203.87500976648,36452.97221515507,59787.00502063107
2023-01-26,1594.2205819861376,2047.4043800516072,1655.4818676652462,1399.2706843956014,126.26754839647077,119.03102590475443,612.8044233493615,91.93174602966137,15.846964072895732,4.729989833427614,2.8161602190802997,66.29123921352716,0.8462662398027561,27159.9659333929,32734.22089397118,36655.306250658905,57172.5104795897
2023-01-27,1600.2500107979079,2337.4420916135728,1621.0207940140579,1245.394608841612,126.16879618059063,113.87719279243284,552.4316425543366,92.44528840538057,16.457596385131847,6.0165584712115505,4.613022190668631,66.67909161196918,0.8283751286272752,25242.096403058495,30584.969917967897,35354.81513828303,60145.833716669935
2023-01-28,1634.9778664018072,2117.682191931248,1698.3603572760126,1209.7457542142931,123.34316366094936,117.35761952156622,569.697471093638,91.72161602388935,13.963943186117934,8.748558229717464,3.3982767864810883,61.57298502727324,0.8865726753693869,24973.167752781257,29764.583194092018,36879.88073418188,57147.399543647916
2023-01-29,1554.4084055281335,2121.0856020105457,1583.1234844181831,1208.4919308316234,124.58201925092379,118.69792300097073,574.760111749121,87.54423150938972,14.795175809449926,9.020862073385693,6.052218727309237,63.11115234777247,0.8627673421599132,25110.336297473295,30275.93215984624,34846.35895369192,57836.904158832105
2023-01-30,1622.5233128103484,2220.0458958232334,1659.2363854369573,1348.8560792266303,125.61440948491797,119.40704871707513,583.0751118173031,91.41254052741098,16.544893814123228,9.517343843608186,0.5358701660892979,66.92102903586294,0.8580421445912598,26153.73529540722,31494.124579280477,35834.21759561403,59819.317095617764
2023-01-31,1643.5577350779522,2171.411167476599,1542.4262281988301,1281.4316102488897,121.10227792487323,122.54391605360568,587.8049771541762,90.99731251392652,15.897698968063132,9.196184427933849,2.6218783694411956,62.198138761678024,0.8923990024733511,25608.922444615113,30840.863372539672,34773.42636383286,58622.08547693567
2023-02-01,1630.1593935809747,2356.4769300413,1641.189045222564,1425.5783160817614,123.58246047506934,119.15437104305731,584.6980233359835,93.08635051735712,14.513582963795683,4.6362701798796415,4.870554855253865,62.320262247117945,0.8808918547492809,27011.160443674267,32696.40464974034,36612.90593418531,61373.97224598067
2023-02-02,1671.8651640733747,2141.8725378776903,1637.8338663030943,1476.8110827115909,123.72373496884535,121.50826897965615,587.042480593242,93.98458702951851,15.836154334948075,0.12485827797095506,7.6193963850346975,65.83576912201306,0.9077374003717779,27996.089302594923,33445.89636524955,36090.60453258127,58765.97887985602
2023-02-03,1630.6789897372532,2071.321383476947,1694.680224163736,1248.7947692713606,126.31119714048202,116.63568060924918,569.365109913255,92.76241394012942,15.93193282395009,7.098184214265288,6.663838008955081,62.92281832466718,0.8952854710389216,25235.53156081031,30731.65759102755,36388.64800920066,56452.27890790081
2023-02-04,1654.4971863000026,2194.561755922336,1708.953289553521,1293.724405802833,124.36016762973182,123.30251253424666,577.1697326311937,89.61449556125889,15.996656602242089,1.4548340003230553,2.044770138730237,61.89801683179715,0.8882360845520484,25717.05423874328,30376.995959227737,36486.38564008829,59409.954909662796
2023-02-05,1656.3876339810104,2140.3965424211265,1491.1521373167423,1329.2242535279665,123.95083793373804,118.90277391469141,605.5613246180341,89.37225929065464,14.907252485409165,5.033943433800307,7.807627847242154,64.6721350522915,0.9063836417663633,26406.036179032908,31876.178636171597,34988.976800513905,57666.84657948622
2023-02-06,1513.6545277384785,2157.0572171350095,1639.5406995378514,1252.7460396438646,114.86820294856173,120.05364862442813,601.1867672068281,95.49393919623805,16.882602851177932,5.451687522940613,3.8164165101029166,61.598837888349784,0.8776855431755541,25676.760979012783,30585.855875972902,36185.27598266008,58364.75323348524
2023-02-07,1625.33968430262,2128.92504546863,1658.827454609941,1359.1913421407307,117.0913495038056,114.44406775169779,610.3425789031979,90.79197904995627,16.170758738728203,4.6814674077412715,4.501375279554433,62.64046384476339,0.860413475111293,26590.42855364981,31948.876654040527,36132.53679505553,58510.27283917458
2023-02-08,1620.42741753269,2268.824196490079,1642.1458279616209,1260.9146464795601,120.84059089117005,117.10465247562729,582.2487915028738,92.41004190261494,14.286672005702417,6.954139421934704,2.5863324309076434,63.85927246814787,0.863334946965124,25371.455640368094,29872.54453867452,35939.63057639614,59675.06695169787
2023-02-09,1657.5558113031555,2050.7825121166497,1773.7675559966303,1348.7130119367089,126.40339996112449,122.27392743340532,625.1639025889447,90.99333278499856,16.44685930774989,3.333438285984892,1.4766782513012426,67.83167437433399,0.8869700934831092,26527.824493423814,32031.702099697515,37914.54343042499,57636.980171125695
2023-02-10,1565.2672030140516,2248.222619869759,1575.3138420748126,1142.4877735348032,128.27526228573785,120.13225432018127,591.7844838118282,92.70036839802405,15.547727558718014,6.042182922896043,1.93952875106622,63.77637757545291,0.8876218053691276,24402.855476915625,29466.348898064338,35418.26158071573,59880.447773602406
2023-02-11,1593.5206763593537,2021.0396887470456,1591.1954868365415,1283.6166779764453,120.79540514301988,120.41128246477818,596.9773710744012,94.13618041040462,16.250925199531405,8.614681964800441,0.6688786997374665,65.21259790082425,0.8994415199848393,25782.361735045146,31195.370476577762,35918.20058624356,55735.0809937335
2023-02-12,1625.0665908624173,2219.1644886165554,1593.249789369228,1274.6692501653824,120.41231141699399,123.80275613795271,572.2685438497797,89.36756310210033,16.68141746587269,8.731205515587737,7.67936730302506,65.46201078749516,0.8909595856220733,25691.237928835726,30710.38600863139,35138.734751983466,59127.98471640842
2023-02-13,1571.3430470884834,2039.0512036732653,1605.9426923545122,1318.093665340916,129.25293197216868,116.03691639778403,582.9481039429132,95.02894299490126,14.540666180045111,0.36694476154506495,2.042854482246711,65.68812567072443,0.8921285002147595,26240.117714918764,31245.91817712528,35918.44511528555,57106.59351898019
2023-02-14,1561.5749447418114,2134.1827527178675,1683.1366402605245,1257.0000688073615,118.91918959489507,119.59311492631326,602.6886237152561,93.06178817322211,15.27942104357887,9.363177534098977,6.415689220660191,61.91508780562721,0.879328076629841,25493.12462394108,30359.690441216342,36382.75294552855,58078.75709581803
2023-02-15,1696.247603062354,2144.154087520249,1722.8093463879247,1348.8817294772339,129.31977041263715,121.0284630977466,599.201598873696,94.22274731600307,16.16756707346834,8.069273087116951,6.537421614249597,65.1214081894507,0.9123935318702301,26916.195022765394,31481.436227841004,37532.83508565405,58035.20040337359
2023-02-16,1570.6299861625462,2366.910341198595,1674.9629816345612,1209.4038778028912,118.90392246660457,121.22341794779221,584.4246427724656,93.18548494496005,14.137018674920554,9.625039989783717,5.833801458902881,62.47717280721465,0.9146954421490409,25419.19170165818,29971.619394388465,36723.08755115168,62351.27554468464
2023-02-17,1672.6066117618402,2178.9277716771844,1680.8035341185664,1344.7064836158524,127.12620461802841,115.23122354792454,589.6094944752471,92.29624970211027,14.763254571331057,7.238186935691272,7.94611054684006,61.498230617499075,0.8695306644360637,26363.58844012887,31874.94872030525,36688.56385968372,58222.44733397842
2023-02-18,1614.9296497288744,2090.6840945443623,1679.5236784636486,1269.4876258094955,119.22691670228916,120.53758363765762,616.9181587572017,93.96960029200203,15.578201506089474,5.757980681891618,4.773393853885552,67.38024956285332,0.8947136759980189,25400.60157111737,30807.367479551292,36927.97899442499,57704.96980628899
2023-02-19,1647.2077544770227,2078.9003148306588,1743.4850787050605,1319.386705262563,124.19141581484035,123.01617325323474,587.424048650104,88.39514238347869,17.712597391806327,4.298273306468749,7.7911356042471,60.737461441175235,0.8772951800701168,26250.25237614335,31584.795581527913,37339.753090543076,57410.7481346408
2023-02-20,1594.6220605436922,2006.9246220926277,1541.3331535366665,1320.0373688386762,131.03984021898262,115.14813670179386,608.8615703252739,92.63189698497212,15.102730787376457,0.5443559941090126,4.468905397904537,58.9663539215949,0.9016654651552792,26669.151800732638,31657.30099929701,35548.06878431788,56176.77650768579
2023-02-21,1544.167284325918,2267.873651237791,1756.2729659187326,1362.114030936197,118.81572575874064,112.35749757586365,614.0025814229226,93.05545604242798,15.458411734114573,2.518278718443937,2.122864227632924,62.9024667613253,0.9262489601475254,26533.22175549288,32011.603337172386,37347.39605747691,59961.5223110814
2023-02-22,1645.8935995705992,2090.525893270289,1772.5338222953585,1319.7151585195836,114.26302887587892,121.86241307392058,572.102323868819,89.302704943143,14.416582829478829,0.523181019395671,5.163380645148699,64.3496256215816,0.9062019527716234,26276.400821477164,31513.76679453996,37497.64956444656,56869.35131568812
2023-02-23,1531.8985154292457,2414.5182226253214,1571.0794595123907,1240.77668177599,122.84247115992434,121.67379003967964,611.7303005440186,91.83144994575916,17.7454602522872,8.131974229303585,5.571531417173342,64.12519483363268,0.8624231055589223,25666.055507457793,30652.855848890966,35714.243277574795,62545.80270882007
2023-02-24,1576.1791624727412,2136.278441285513,1551.6710326003201,1346.690695334304,121.56060298553354,111.60139471235402,619.5954149040225,91.71941413632466,15.835009934943521,4.189764724899786,7.099993184737202,64.3450798450321,0.9112580465689349,26630.107858378477,31790.12327237294,35610.346855398595,58584.32966269035
2023-02-25,1671.4352118896495,2109.5705710711145,1613.0787255055996,1283.013260691332,120.83689471657144,122.2718993088529,593.1912870872349,91.10490354178381,16.327429273034653,5.272601499789769,1.9758794663072177,62.209598679655244,0.8792349416085578,25595.17625653979,31376.327283522158,35466.59697603848,57529.319916942135
2023-02-26,1630.828176102398,2196.2574734703044,1624.023778774866,1207.923646373859,135.22582409029212,118.45985081389153,600.1777518680428,93.22704792686352,16.45985557348792,3.0253100994071302,0.7536599014215444,65.7928218498477,0.8911115745109311,25228.863226964244,30207.37224842663,35801.30672909668,59365.83829800607
2023-02-27,1653.6707202106597,2143.9428181503717,1543.1931851727077,1393.0805430066528,126.3789531665896,117.9358426383376,601.1141553566572,88.20083952686244,16.00295694630083,2.6144362843299094,4.024828158916286,59.62515953068496,0.9153944366828672,26963.117956204504,32659.344536938504,35515.101232116984,58487.59964350569
2023-02-28,1674.7801897312597,2360.2378971308053,1642.1333520404294,1353.1768391242972,115.78459018742528,118.47726659585116,574.984688377824,88.62664509882168,16.53050356010685,7.726478670767236,3.0914589344000127,61.16625173149774,0.8442573791553638,26754.78369554193,31565.49783105572,35875.05993319759,61617.628818587255
2023-03-01,1572.7805743791596,2255.159335554364,1507.0208101964831,1215.4075612884303,115.68126919530147,114.74394801994711,584.6438070954584,90.6391483818662,14.66091800906914,2.0078834053263863,2.311698627478929,65.04509632593587,0.9024536291438622,25162.496187647434,29862.579086612244,34675.01300252357,59897.46225125124
2023-03-02,1597.3537246941853,1935.976153502319,1690.0187154906257,1366.3946249433955,119.12998960171831,122.68563843543254,594.0524292946699,91.97733531431437,14.77975139359749,3.6266364105274898,5.815717767882334,63.18887222819438,0.8833699303977007,26569.41995805887,32206.342568709344,36403.726022791445,55543.531194401774
2023-03-03,1550.3804404021914,2102.242173091007,1480.6392669354145,1321.6990075165315,121.01938129142918,119.44962894466649,545.3564458379298,91.63005888556263,15.47626357595865,8.45246693841047,2.106190321820229,61.62160578495295,0.9058409430418575,25603.6861380149,30647.677737549966,33874.65947396335,57139.78013904054
2023-03-04,1586.154422893018,2140.475005176909,1578.03326990312,1252.589912702166,123.57700314948445,111.38671140021079,575.8164373317345,95.56208182526856,14.348108713376853,3.6869333610777644,0.7487016387969145,63.90977279787635,0.8606579884827192,25423.610671618742,30007.74016543336,34747.56017417133,57403.60561191494
2023-03-05,1685.5284242209511,2294.3423406205097,1608.2034676166743,1307.6884432649947,124.67103635956899,120.4005814149538,594.4133914477741,89.74780145031065,14.962273752787763,2.281935377832167,1.614068324874797,61.485095595630206,0.8996249413858632,26370.014421438696,31435.605039674145,35602.67522750204,59923.86303960898
2023-03-06,1663.0856794934211,2183.8108568698385,1582.26849462397,1299.1322209888679,123.44887904423386,117.32392866196696,599.7791420039869,92.14831997730764,14.662095438680547,2.495258561234154,3.8590241092431103,64.53944931755677,0.9043463169154693,25882.656074942795,31374.626006426875,35589.08137376982,58353.73312777599
2023-03-07,1633.5952458347049,2127.948700720641,1579.485862893454,1305.591166418085,131.91136196673844,117.40242679907578,572.9074742378738,91.81962249787831,14.309683816271338,5.720353904794314,5.56166117646226,63.87786736553906,0.8842974158407942,26094.324363225154,31460.08688495946,35551.31724906595,57830.450880511366
2023-03-08,1641.301199937649,2298.007567630968,1700.3960668190214,1254.9009480574596,127.74771404484011,118.77385702224875,587.8742926889811,91.9038425175996,16.866990353031046,1.1069739372865717,2.2198393949542057,59.94006837834437,0.8613991760006716,25631.87446347584,30486.086833620284,36632.173122758766,59824.501913328604
2023-03-09,1601.5478358229366,2285.3033711157723,1719.8979492723506,1250.137167492494,117.646510161699,114.13302995003683,590.4118487838788,90.60310216215632,14.651206336994298,5.522528322676397,2.8545154523304213,61.01960728113226,0.913713856494679,25521.634541003383,30673.64436594822,37454.87104207366,59772.28620216999
2023-03-10,1739.054404606144,2237.3318208438773,1639.6868569279077,1280.778598854004,119.38069536548261,117.0129898023893,594.91812554826,92.34345882436251,16.135013658817577,8.07125775609039,5.808590801055609,62.486462972701794,0.9060677177952906,25739.973597046093,30657.321899106013,35938.22686491092,60106.88814969122
2023-03-11,1653.91647235049,2204.528413717982,1761.1695598891702,1258.7598727302982,122.50100559800381,120.887795600493,583.2352367997071,95.76792704296322,14.762878993972372,8.05731002869943,6.169206363886873,62.15964302943349,0.9170446531798017,25652.831228634528,30584.025147488454,37694.662072944106,58726.665190026775
2023-03-12,1547.7624193242832,2125.8016176322017,1681.8260466992847,1284.8354714290003,131.65259660371646,110.11037699485628,604.1429658187928,93.30969494086952,15.382691813226968,9.51433404873766,2.6660862008393487,62.0117521673696,0.9192092510340666,25987.744255616322,31049.518851569304,36281.92703415023,58060.43967930801
2023-03-13,1553.3912957492496,2233.0547988710223,1748.8864319407314,1282.297595543667,118.65613801283823,123.96782328687557,592.676511184007,90.92243809264015,16.40594209397378,9.580043336743078,4.213632337255192,62.9145231258529,0.9196599818914168,25665.57547812889,30486.469091924482,36807.114030828925,59224.78347313413
2023-03-14,1655.8780660487212,2060.9308954853655,1530.889385667069,1241.2412772617656,122.4544902733789,114.61613671991333,593.5670176519301,88.43911593480868,16.504493288124714,0.4206964005058711,5.56867381392732,62.995876170078645,0.8825726775603813,25686.84420734082,30695.79916075916,34976.67913538404,56624.082608584
2023-03-15,1665.9487596747213,2151.597130565399,1775.7248756629256,1386.1885222958504,121.76404676985685,122.01712601822216,580.4742929977117,91.91019855028156,16.167488531161545,5.136225791695037,4.819738981195817,60.96207552098954,0.8873272929534174,26978.3501032595,32054.456024838728,37185.81649812142,58624.26388829354
2023-03-16,1602.3189463022343,2228.9606598086025,1648.5821153550064,1324.0334095747899,125.68368137410236,118.57415735787217,561.344927420084,92.14364381836414,15.828538047270548,1.0465916471058179,1.6646206599482207,62.77338477937436,0.91371195365135,25972.314383820274,31504.49946598217,35942.28219070151,58600.646482062606
2023-03-17,1706.2033929649622,2142.737315852947,1603.1556851008665,1266.2559002003793,126.39669899854394,123.38512091303797,591.5332976836315,92.514822036066,15.324645009849428,9.192062179732256,5.539622931995934,60.851447412208095,0.9046926679351257,25733.225422241718,30824.66776179425,36322.75037420558,57914.09189955974
2023-03-18,1618.0628937507283,2361.3422312706607,1749.0738837777158,1286.2432682825354,115.99444774104904,122.21060915865391,602.5106907595595,90.41756795376841,16.14064452289914,9.64553793426796,6.0195316166665584,62.15229698464062,0.8888617727582522,25865.4035077119,31524.73164043757,37405.18482455405,61566.14404781329
2023-03-19,1660.5694041029458,2126.6389313916416,1665.7179730679918,1235.3929969894534,115.84128557992906,113.97062157242264,600.8985276056897,94.20818696104236,17.643951841088807,7.3561154350839715,1.9563547363288807,58.27596811608981,0.9152655926909952,25360.227918129556,30698.336679666758,36253.52211214091,58633.70158311191
2023-03-20,1659.0079373075791,2103.8310228418304,1591.1710219797603,1327.8354412392569,124.06816722010743,116.28117685028587,598.3448191151439,92.55237039461296,15.446610497971639,3.4356947429718367,1.0033297733864508,64.06126838794589,0.9038892657552028,26311.41828064731,31435.78884794457,35827.577059383955,57815.867724596814
2023-03-21,1595.0189233504593,2117.432160070772,1567.9742628635877,1367.1665352670182,129.9927123768531,122.35857422232489,591.1258267334777,93.80629383695506,16.458973325255204,5.251389339228606,3.7843614602375473,61.29897749398599,0.9364835665873318,26658.77037811216,32146.790570892892,35311.5292320359,58372.3052672834
2023-03-22,1563.2647843461134,1967.903427009873,1741.9916602994524,1460.7508641602315,128.53099429374078,117.40159906067316,587.7323930418991,89.90298641530477,16.019416214979234,8.086550358003434,3.0608191773381206,64.72308798844196,0.8982571208760624,27654.33607174603,32853.54202038793,37229.49485448261,55646.28787981636
2023-03-23,1641.4586332961533,2065.377336995975,1499.480126298302,1284.8241688467574,122.35353428027464,116.12032628384367,573.6534215017595,90.73664069358993,16.954943824233737,2.398946886386889,0.1874820665935646,63.07106296232665,0.8835800646998117,25391.3369956461,30720.711095750892,34663.602956045375,56635.79745979269
2023-03-24,1568.6058879870754,2145.81257542865,1550.9698906966041,1164.3887094201577,129.01760761489084,119.50844427012265,590.6988663337578,88.1264512152026,16.378436065955274,7.073900660237937,6.533983304589374,66.36848346056608,0.9152792459672819,24406.843238150293,29620.686547324014,35331.6384046369,58407.16722736328
2023-03-25,1669.4775796082774,2109.257976046986,1691.326216378143,1335.2308514740785,127.06512935640706,111.81434006106541,596.9563221408916,93.75736201479292,16.32937259901575,3.213015423271629,2.9713381722500953,60.9110286305581,0.9004473890632441,26396.593190217223,31195.001005292244,36626.85717588818,57509.68600103588
2023-03-26,1616.2388434950321,2232.2206691597676,1657.9953668761502,1360.6089086300321,126.0745219464509,122.26878374957661,586.442041767101,92.85460844704016,17.92089768697755,6.368229810459373,1.420246565080654,62.1751440430957,0.8936357251215267,26509.88558234037,31827.013349522742,36351.118049759505,59537.24412026856
2023-03-27,1550.3082665104707,2103.4446503907498,1709.739539669358,1370.1060331394312,117.83047542534588,120.32525977610695,623.19035682459,93.08164697359233,15.5848230953049,3.928623833044307,7.142372302019109,60.22021258193872,0.9075836455709634,27186.478224709146,31864.960857528855,37094.364049388576,57528.47714296689
2023-03-28,1608.847310923016,2178.9330254011807,1569.9321645134905,1133.3535737615653,130.5406244304891,113.95557649034382,627.3620453178783,92.94496718731727,16.194938524194132,0.4799476205801889,7.051200355927274,62.48271835050828,0.8834955479335258,24628.796486516745,29060.58465694263,36075.96254059622,58962.22913415891
2023-03-29,1586.7768465606603,2241.694515770164,1583.6512026042262,1273.3945929392262,134.7198698364364,111.64471182905417,572.8075014059654,90.4271943230686,14.659725654974986,6.072092149591501,3.890359087571647,58.30578948791369,0.8893590310659645,25945.93123828482,30703.79074762577,35150.55524774326,59332.02822233964
2023-03-30,1639.0451244940575,2135.5256392063657,1599.1297687269268,1306.9443199580537,118.8167908914489,116.57012853841856,582.8936102196967,93.48813385521055,17.385833084456873,7.330825772917914,6.278308810632494,59.82499616032186,0.9210316161789629,25927.030136190602,31708.43780361782,35354.16763405911,57638.75465256603
2023-03-31,1567.7975875025106,2217.9824160233807,1635.9394344175862,1289.61388493683,127.46860968537294,122.80164035325102,579.8463946798051,91.72034434370862,16.00796825728731,5.56895604109476,4.620895086439653,62.0181617366173,0.9038700848873527,25839.024572427024,30530.7291598637,36395.17470456269,58725.18007140614
2023-04-01,1663.0169744416257,2232.468449646753,1830.4718719347359,1331.5438766535685,117.75059957255483,119.03198911647992,575.3483208997687,92.32479348038541,14.572183290120561,7.234211729305206,6.529489656020158,61.17942042246702,0.89537401568201,26382.13294083498,31810.8137999734,38039.70157035663,58290.24420366169
2023-04-02,1637.5498966644384,2216.194808547957,1644.060199131949,1370.316296646111,126.23339185422317,118.59857019700989,598.8272297382832,92.5538012212665,16.853162892519368,2.7796943549776354,3.0169337492686408,63.71376026823822,0.8752764427917484,26456.910420131982,32485.048821628156,36347.92934608586,58946.28727467461
2023-04-03,1708.3417996185206,2300.212818396468,1502.5664927350851,1262.2309813118588,127.5854254657555,117.26266040048648,575.3591107926791,92.55501521926412,18.331107917230092,0.13001124675899978,4.342235851843172,62.36336433084973,0.8615307567759224,25430.480427973147,31015.858458173956,35182.82515916334,60508.57908572252
2023-04-04,1633.9819279410774,2258.2158658350018,1608.39197995502,1188.2172745167104,130.12045905746834,121.70181175329941,639.3149419212556,93.31464171134145,15.892081296011792,2.1975473634713474,4.8357503697794355,59.80188431983597,0.8804756341003814,25154.896318699346,30101.113024889662,36032.24617163794,60461.94891175104
2023-04-05,1467.0504062178263,2182.93348038436,1601.9397987907723,1326.5113562763681,120.09686918344697,124.17881207752284,615.022626179645,91.48679882323198,16.21714385028817,2.40468848072572,4.318237484736325,62.5681948572946,0.9073842062404964,26511.415889858257,32084.387788108714,35922.4458337367,59440.42663904309
2023-04-06,1623.6894940335426,2057.491400934332,1592.777931795397,1245.5676058745566,126.95954538248277,118.23992060165594,612.1179284418104,94.32802780691274,16.234750890431126,6.368297100765109,6.889365706398642,61.736012500602406,0.8504112263985586,25132.054145136193,30643.96062119896,36121.08734476278,56912.33841062774
2023-04-07,1505.8443392484583,2292.1462439269585,1562.882758881711,1261.0677896283464,122.53961892727513,119.45393043634944,582.6375648032753,91.8234278069563,15.763858287815895,4.327533768118088,7.482333723167621,60.741223952723224,0.8862891303268291,25324.32787209394,30716.542822938733,34973.16440888045,60242.25794879831
2023-04-08,1557.3647604579937,2130.704335957841,1575.5749129207693,1232.795715941403,124.02956102499259,122.09162008301057,626.8372501780292,95.70676849855603,17.02737287796524,1.6033110751143975,4.19142309361123,59.345304286423605,0.9023541813436776,25388.6097831873,30361.117381768694,35309.94665709041,57913.81091516684
2023-04-09,1610.9429906384157,2050.0415057846694,1522.4507298631295,1243.0550338520525,123.32617531229565,120.06790618548165,583.8117060828541,89.83271951478385,16.792332404789704,8.210957540224381,2.5021387892839737,59.772956741113525,0.8874547939265831,25313.976302893992,30266.191216136784,34993.25358212314,55670.48020021295
2023-04-10,1562.4670722681535,2068.6338114491036,1586.234981059055,1246.0344040733444,127.15205576200711,119.7584397869991,605.8520659464189,94.5545475650192,15.884972349085652,8.4286299514571,4.503579809141084,60.56454277090458,0.9198890228455231,25329.353138709233,30407.631170844368,35632.08669054333,56819.774987430304
2023-04-11,1536.6165936553214,2171.6233747106285,1628.2342963687606,1321.5964203443243,131.9521645243333,118.53776140014529,579.9993271830535,91.82647529158011,14.794944799071624,5.999325666342607,0.514474721930851,57.97695666661545,0.927450929689759,26252.14982113847,31502.529684727695,35897.02662552455,58876.7916551575
2023-04-12,1555.658905267192,2061.126409097476,1632.8975450940559,1314.3570700269702,130.15447675804256,118.6908971197834,605.0177138225387,90.60888314065421,15.815408284138718,6.758510027463561,2.6429827503336156,64.98260016561687,0.8686464369831852,26290.685690811988,31682.05162153584,36565.488244819935,56567.293381513635
2023-04-13,1576.9119945899222,2238.4793649736093,1652.8148378323103,1278.4513723351047,122.69195984883166,122.40993698456595,588.3481349377627,96.38202746429043,16.80585753784873,1.7085484614746105,2.692456407064652,61.57908532808839,0.8757597175473775,25671.322275451315,30867.664491804142,36032.45664707834,59684.99470035828
2023-04-14,1606.6225366751785,2098.3515484003656,1565.4461928829785,1140.34131717401,123.18192924522995,111.4166456734804,580.7348678393212,87.8900330161813,15.18068937450174,2.6567875898464632,6.663183444622917,58.7850355465879,0.9136222118070164,24387.834303944514,29038.09651600362,35877.89983152096,57368.02245195356
2023-04-15,1504.7199805710056,2045.9432940565116,1638.7993828100937,1375.6653755752982,130.0377824504709,122.34506282810914,613.6298237380821,97.04713810490586,16.016158493779194,2.4775135576595417,4.489778680090536,59.2480779813768,0.9140763619984217,26848.53635572984,32366.970822922198,36106.574103394516,56903.14641188752
2023-04-16,1541.6886887236133,2241.9801652062847,1481.0126545609783,1323.527432589559,124.13166835681812,120.16622980845126,627.7548677923828,90.99747278169772,18.174342147845973,7.523600686044022,4.631194934656925,62.713467672460574,0.893874443790197,26397.534306624522,31779.598930910783,35164.89154424804,61043.46516913554
2023-04-17,1573.9775974651666,2031.8712881335068,1649.0775645182007,1292.788966125029,129.28200890906564,120.77051096255856,620.0339102348432,89.15279202603645,14.812948748192388,4.310066769345432,4.898547655743409,60.77652461031698,0.9086224560342492,26169.409524561266,30944.916140802976,36840.29044144219,56165.51309693561
2023-04-18,1471.7345101363428,2357.2317869847866,1525.0185510197227,1332.2077262683495,125.2443414733871,123.27335632870472,586.1779878469306,92.41457522118048,13.705922658043283,0.4082187382840652,2.587692742178861,56.434733466380955,0.8845149661502797,26249.553583998582,31346.415659436516,35165.24630918528,61664.753853511844
2023-04-19,1597.920085916967,1918.197818319651,1529.8619565955078,1323.1933005953017,116.4558093453777,118.88330732365388,597.1557983339744,94.1755305592498,17.436148207802425,5.882712426472679,6.917349505414363,61.109001040497795,0.9248975907660553,26350.65261059223,31468.17459427826,35233.62453595971,55163.155094974056
2023-04-20,1469.2888769806787,1797.6187970150665,1589.5774455594578,1242.6368659832497,127.3912895486112,127.98961727979157,592.7352501676042,92.3905599434784,15.118978573228924,3.5533504490490087,2.417127793751355,60.70031757439544,0.8843580090498956,25602.14183963693,30509.398109000147,35576.715965840245,52894.646189379804
2023-04-21,1685.3591931955127,1879.021382763134,1585.8963828042176,1290.91134674268,125.49233238489384,114.93024825829136,585.5437071500467,94.50632485916431,17.758683873892917,7.330937454418689,1.7530112801075761,59.4231923509626,0.8952154130217728,25886.906386568862,30697.102217424865,35804.241505525555,54214.34628706056
2023-04-22,1511.732518861379,2078.4036692681793,1545.8677896839577,1180.9205426208537,127.19616417635879,124.53637765023893,608.1470279497167,92.38904255092035,14.573391763129692,5.563682295887569,3.299021538129166,62.436995503350346,0.9242986480615879,25060.63475826118,29845.338937407385,35068.5544287384,57320.832506487364
2023-04-23,1629.125317727674,2196.3871706553546,1463.7909731158065,1189.8296009796213,126.37881535343176,121.09911622964927,580.072602341292,94.88822349418761,15.356190572682545,7.62312791841052,7.203856236823863,60.83722659891563,0.8891510151497134,24747.59988126811,29476.626929795726,34434.51673070886,58407.685656592446
2023-04-24,1447.475199536863,2046.4424537706868,1681.1508316116247,1250.3739426092445,123.24700708302557,122.66285270313787,605.6809841534227,88.79482142818131,16.389021134508734,7.496751764017178,3.76080992033907,61.40243290274311,0.898174522853529,25364.42948646397,30880.2363350601,36512.48138914049,56153.22639100839
2023-04-25,1533.4297651862432,2058.5805252137748,1641.3202880801598,1154.7472440931747,122.60821110314274,124.71397923043094,620.8321713410968,91.89513194052334,14.84221795784231,3.3637664418058044,0.1102136388035504,60.0773737753064,0.8805996854574193,24988.88490037711,29305.61675215569,36413.74501819836,57217.135383021894
2023-04-26,1528.2254002680604,1994.7058795582516,1537.237782335864,1216.0473094128304,122.91158291552799,115.21582179606109,587.2162271222063,94.13881897207018,15.737584071174352,7.794172111065182,1.6100800662044694,56.47686091994497,0.9215625341764264,25138.88320549341,29988.413425245555,34618.541505826324,55825.32372627776
2023-04-27,1484.0931636302764,1969.264434552645,1484.444775777628,1180.1043755746127,132.07799362023678,116.8965607324516,629.5646823810429,93.15394143416205,15.883726814398596,2.982866717290784,6.1903148678628535,57.64482110208473,0.8966847906586082,24857.674715867335,30237.674836611983,35033.46963561487,56023.91009419025
2023-04-28,1570.2429183840366,2076.4201693868345,1446.4621256395492,1186.7408757777478,125.89188021431993,117.39488940614733,592.4531710262231,91.81197679125478,17.192876355085748,4.285229163100759,7.770242620688105,60.5302920478027,0.908217059372932,24922.457369375345,29594.249185816643,34204.80314594149,56476.88364717429
2023-04-29,1492.3080937656873,1979.8097238650366,1591.9444857778942,1269.479897978015,124.48603287928258,124.85833936368364,582.5897897653628,93.18720054185708,16.33448547524492,3.9937395366674955,1.9150167455584288,60.93376581261189,0.8795202126365663,25686.611480492815,30673.723476769264,36076.75809815599,55010.21652239301
2023-04-30,1582.784783044395,2244.580779186331,1668.1280598080136,1234.1414751475122,124.86262286955517,115.89930167049889,620.4601195032405,92.46541802904028,17.593800664456758,8.117832144247927,7.114476010086949,58.42279040705066,0.8976327462602399,25248.115225728652,30683.948044494104,37091.38384875086,59797.1871915775
2023-05-01,1630.849245562461,2174.663218038278,1561.4191718897177,1207.5826962978156,123.06406916468049,115.01273017853883,595.0053284119202,92.78171599204111,14.963024434733867,0.15108690392891422,3.7323386452753446,59.384225387331156,0.8930255381598207,24877.184157874934,30542.32921239227,35018.6134885128,58159.4685455575
2023-05-02,1565.0643006345606,2169.434970835661,1599.1042504160232,1196.505688771177,126.18217450156108,115.96819132942416,615.0538257980197,90.87445537640941,15.389311234076839,0.10289762310656259,3.1175289429008313,58.51221067251907,0.9276407078178749,25015.831047466214,30175.391691629982,35815.98090045956,58403.205360482774
2023-05-03,1493.2697376636465,2261.4708066710764,1626.4416080470246,1322.3010047434327,119.61507654025084,115.00426233828438,587.7118307160005,94.50148554891582,16.10550936477832,8.64557507988667,4.012335681956676,61.250707064965354,0.9054754524459839,26138.969106352954,31441.939934871025,35921.28062733166,59654.34028283672
2023-05-04,1578.7796023474602,2023.1606983681281,1642.0896807558886,1221.6236463882767,133.2308298522103,115.03105146648494,577.9872361847854,93.84528690184698,16.628358667423516,2.777096321410518,7.307752665203536,61.122335604077335,0.8631151375909408,25162.765807182943,29897.911449843392,36044.78289273325,55978.85550083364
2023-05-05,1564.0746439926884,2140.638728672164,1414.6336387585673,1211.9417508574468,131.66254035954267,117.57384234808711,584.4433388583658,91.88439110611947,18.285506859462618,6.862843525053169,0.1195908077841823,57.94647974377335,0.8698232880811237,25204.585534042,29908.848392327945,33870.25728951996,57416.97842347405
2023-05-06,1531.3268329145847,2139.225206291874,1522.2836880070502,1206.079810619417,120.48971807722432,115.88000163477383,607.079246531412,93.96128822807452,14.597800564913506,1.084962970346346,0.990557549362812,56.75788244946812,0.889595282376481,25014.61841981609,30194.419622799764,35007.228293844855,58058.707966669856
2023-05-07,1484.3285348968589,2138.364203681061,1676.4581623505742,1135.7816272938671,120.82153181012893,127.4190513056043,613.5183771133217,91.16411049953999,17.67703952760437,8.821218617724,5.059859364413367,58.8595647668422,0.895007099181561,23979.24891107059,29653.04987699195,36498.64498761111,58420.32363036709
2023-05-08,1525.857376871798,2125.388803467769,1685.4925056431425,1322.804592358686,123.8818920084131,120.96125614835445,610.0359538147034,96.22711174282588,17.407696473316395,4.812580243018023,3.9995193813669516,58.9796835310343,0.8717187102377479,26271.24072709607,31683.4129662895,36806.53937186085,57952.641869632316
2023-05-09,1524.5096506694495,2176.828063997517,1640.5833576250259,1158.79499507103,130.4406828534023,118.01655244700402,596.5775879057977,90.03707024544883,16.74824560166315,3.0724947429624683,4.5173156629259585,60.471937841769716,0.905881591590388,24131.007227895523,29317.115996086515,36179.83853819459,58975.8364459102
2023-05-10,1488.366533740371,2112.8501330702643,1490.5412366096323,1378.9409412019036,128.3921543704659,121.25539638765521,612.3864293584776,91.76244370426211,14.473596496708979,6.181784424996436,6.549094354654998,61.18200744085201,0.8923420032636608,27041.38336302082,32357.05300842756,34952.4550142826,57602.66403615143
2023-05-11,1528.7028538505451,1870.8292785453725,1510.9325434880302,1254.9687749416853,130.70101540767092,113.8736105409514,602.1296906732326,93.28487044745108,16.56593605071786,3.236881899204964,6.513331978395542,57.43186158033435,0.9091084274005179,25809.678997101837,30502.157327510693,34614.41969810396,54290.290409464236
2023-05-12,1603.009204866807,2068.493930228035,1467.23520693837,1203.3420235927676,115.62595920233123,119.19627868554458,582.1958518874777,90.94232162578976,15.106917854745921,5.116937577310392,7.361490920061678,61.48111142501201,0.8745055403801607,24539.74367055021,29874.13175406496,34661.88231548495,56753.37892262482
2023-05-13,1503.0625179699737,1925.8740318289842,1811.9730354039193,1148.2322395520941,125.18907802435504,121.79152855058607,600.8837364826929,92.94635765227504,15.838225626804308,9.58321584790087,7.750351084595581,60.362737146145335,0.8884815915886863,24752.790653835153,29825.677206354027,38106.66753041088,54467.233795608
2023-05-14,1522.5684506371563,2272.155482942553,1513.4543792764123,1197.1959423095213,120.18608289468523,126.82099099910913,596.0013196974716,91.71935787638641,14.739459468536657,4.838091540012019,7.513409981012772,57.65671625313408,0.92158925534756,24897.33388823284,29824.412066418092,34911.000874359735,60252.281759776604
2023-05-15,1487.4269181792492,2108.2063931806533,1604.4594310701684,1117.288892651683,122.04879108087529,112.49818860971611,598.606919647745,92.29506409144157,16.604354659969847,4.998183810521022,1.9835160175688493,60.66633637842651,0.8767812170731899,24195.609791062496,29053.40702499346,36543.04564837098,57658.38718241022
2023-05-16,1561.4861172068545,2023.5383091552455,1439.59841411249,1203.36410146454,124.10781774815518,127.98619587603069,602.2875517701704,93.38679011660966,14.81959203336263,2.177801267722941,1.5949430499412314,55.8564808885864,0.8579030659039799,24685.538578619457,30177.13142485264,33812.16255497079,56371.71156615744
2023-05-17,1574.0445333579542,2057.9044412351304,1511.7046471709587,1266.843124884982,116.17461431252107,126.90208139074655,637.7840086548359,92.36430715136196,16.515999696618632,0.8992215269228288,2.140962868076942,58.71288771323542,0.8660513796127132,26018.22779096094,31111.154260878087,35450.69378228368,57261.335331045935
2023-05-18,1642.7692889901364,1998.6734915903407,1548.3719262452773,1180.0271373665632,128.59737166964157,126.90017490500098,603.2674526262815,91.72364153677447,13.881439302688356,9.249848877474543,1.767118690699455,55.78138914313429,0.8852736694126474,24935.26161757066,29843.07431077264,35256.30537664323,55558.32216946763
2023-05-19,1569.6008983282688,1921.2882537835887,1532.4598121382387,1263.7919153096657,126.75320213818434,127.9620575458307,583.2308474043682,90.52898683631574,16.58831603471063,0.039378696396228374,5.792837741944698,59.480178354100175,0.9176376541791849,25471.878688161196,30838.562811926862,35256.90702913451,55176.76450228457
2023-05-20,1559.7317376060769,2182.8302499896217,1563.8087499560454,1175.8664362364864,127.65954936887663,117.00389853041526,605.6857801076737,93.89971636651498,16.250293564367382,1.5814631981808414,4.040174133312869,63.222297369806185,0.8621011933365369,24962.767383383507,30009.632559860554,35397.14411289708,59008.10623756793
2023-05-21,1515.712304463675,2042.2517091491957,1430.1297088615681,1299.4428041836877,123.44864533455386,126.03317129189402,585.5782996553796,94.7525310703518,15.770883075510746,9.946678757261878,6.1904967158298385,59.78513194770524,0.8892194142936239,25729.78409814255,31116.093247637295,33733.29526408595,56353.41200246666
2023-05-22,1565.4846383614663,2030.1452517455514,1461.411207200001,1173.235009119615,125.82186377325549,121.12400112624282,586.2354034276469,92.36466623880916,14.070544283613396,2.6437913558870987,6.836532210968271,58.34347393818848,0.858582165456838,24769.853846137772,30075.29408637155,33991.66943652374,56397.347981417275
2023-05-23,1590.125253743108,2081.1817694022175,1506.7122412923204,1138.2026994397727,124.41397772209423,119.7234354808975,609.7537925963454,94.46004901666672,15.253203701298478,8.313020802618343,0.15908190682702994,59.724152008607746,0.8682162131550972,24552.268194582273,29256.86027539471,35420.517097944576,58075.9158203686
2023-05-24,1475.148111348721,2140.8171811591205,1538.1332985172935,1333.571844538833,124.94443915196995,125.30840394474184,622.0242346163242,91.94810879532967,16.733070389512015,6.736738755019662,2.9960576785342914,60.15930088719705,0.8889203913938842,26041.99391331581,31817.022423557024,34943.4856267875,58586.62921572194
2023-05-25,1433.0326756228671,2063.8078687708467,1642.5945006537388,1256.7618427303457,128.18373353961385,117.24470570336506,607.4157375785477,93.02247030953818,16.541579238081976,2.1764570823915843,5.754973424579625,64.14290426115902,0.8376010545284293,25355.38176087409,30416.88312035588,36487.8434531488,57171.17737285959
2023-05-26,1537.0573703826224,1999.7444671744133,1474.1971846794495,1126.4633369760616,133.8027524406695,117.65395082060182,568.4940828016199,93.19306543908274,15.418159341567776,3.0937494556664347,3.8615844986578383,56.55388223285874,0.8631545449735202,23919.32312343994,28727.731412004912,34378.31067520815,56034.33004985643
2023-05-27,1503.8670787916164,1956.321473281208,1474.727065058151,1209.6407782966564,121.84341953134538,118.57574047443003,589.2352228358279,91.98476478265145,14.865182237708796,7.225181776080246,3.5043949846520652,58.11175933847363,0.8583207363823646,25155.649558965462,30216.903830210267,35234.49957620606,55522.55209233677
2023-05-28,1514.0568949430224,1844.8291216660857,1573.1221281084968,1223.3891799822043,121.85577572781676,119.88063403382372,579.9073227706713,90.92651164771138,16.537752411036873,2.54364454387364,3.6195860570547564,60.12714397899787,0.9062418497631275,25227.669674396362,30289.74221578337,35084.57409953644,53965.985773112574
2023-05-29,1505.5566873339624,1927.7040391171813,1588.3170160123977,1230.960967837236,128.76544319703365,117.01729981018941,599.7343647755939,90.26540470039416,15.864225278341369,4.065502144184984,3.492910080174127,59.43946965597539,0.9027782991496535,25515.778679100833,30362.484251342925,36180.86280831655,54343.717427118434
2023-05-30,1561.0868108905802,2116.3345485909103,1398.9869325423672,1254.3688282716437,126.53470633524506,120.05369839115676,628.6576265584653,92.45091898677565,14.351190386346016,6.236230577323676,5.2660816016284056,61.46467798290642,0.902608930341607,25847.07130350562,30827.780355997096,34215.87623617224,58043.612681069244
2023-05-31,1466.9206171167,2113.9340305775186,1357.8565593183528,1276.1323502941793,129.93820918476598,123.30316329493884,574.0338502929579,93.88135884717477,17.665753202094095,3.653645338399343,7.930776204287594,62.243019909184035,0.8506890744869899,25501.93904957751,30676.44957895433,32958.15931215998,57815.98803447082
2023-06-01,1508.8806423845622,1991.5443329407176,1329.1391175818642,1142.637639173064,122.26219189046573,122.45035333249602,629.9088466843625,90.9047256116839,16.797150153891685,1.6924048835940009,0.6781492422306172,64.90539272799194,0.8457578198908632,24602.814771121466,30078.158942990933,33364.8458701712,56277.0939164046
2023-06-02,1570.993320301566,2147.3780301214665,1643.7592134276156,1300.0524503674856,126.51884057086193,123.57345488064814,576.5632529166802,97.71422369498427,16.509953993850257,2.718697114852536,0.9796086358422711,57.286743530421205,0.8900861033942805,26038.553177134352,31299.704525578603,35809.66821971778,57837.64058635651
2023-06-03,1424.5524196648316,1909.453572435139,1613.6230609827428,1164.6044296756947,123.81749626976048,119.0979931763537,585.0331545409316,94.11328326232453,15.869701510176789,4.248588649150106,3.5851774926968325,57.621349860724386,0.8870936602287371,24780.22421689435,29551.063642334193,36002.68056205802,54883.728110447846
2023-06-04,1455.3345709830833,1872.5184580700018,1524.4699688336752,1224.36003667422,129.79561714826127,115.0553188423584,584.4441935434369,96.13884893519175,16.89543670087697,2.983459557533571,1.8405876871758045,61.61179301431324,0.8800011782292279,25083.169934165482,30017.892039963022,34786.69709825087,53836.84547375929
2023-06-05,1437.221200067033,1839.7891335655843,1469.6964774369346,1267.652274984847,123.28508279215274,119.39575220364591,617.13669693173,94.10173095383016,14.228441854210853,8.389691353864592,4.682079729006365,62.7144071396826,0.8931021849706243,25951.733750855212,30789.662910876563,34631.05771814281,54488.060201945584
2023-06-06,1485.497109100154,1948.608382322034,1505.2264723644394,1238.7091786597239,113.37283807383429,116.61853516386763,579.8685864884426,95.49339192554534,17.329579233254492,9.199605470956712,5.266047904937149,58.336666542188446,0.8863512684863462,25385.882742222682,29824.78383731574,34620.993856042034,54943.98236880283
2023-06-07,1449.0229229169008,1787.288333334379,1480.7685642728368,1164.3324124994804,124.57768275603995,126.04031240927873,626.0658283295868,90.73735187987297,16.064839238966886,6.5058293282583985,7.356857330742825,61.24759319111259,0.8461796006276295,24732.94827815103,29740.172237930798,34835.0641987865,53347.16645102041
2023-06-08,1489.237957418591,2110.115988968735,1491.9104596755437,1141.825213031219,122.22897869044372,120.24797776382144,593.034068346079,91.22051324903109,14.652357592868443,0.6152269714218694,7.362877366461301,61.45380980480566,0.8470114718257928,24136.991861368722,28785.00097839527,34861.57145329623,57609.82445690969
2023-06-09,1508.5648947863335,1892.079356001164,1479.272865322784,1178.5236927319368,127.42645181336432,124.46650804471007,592.8556340107012,92.72023893027983,17.170517533827955,3.738651813154068,3.5899602972737457,61.75699809200522,0.8848313927287559,24675.33417041955,29634.554555574956,33950.32266546739,54698.30466079108
2023-06-10,1600.0248926396005,1982.1586091926415,1464.4218747486857,1273.5436271956291,119.75299189571265,114.97388902588617,624.4557791970519,90.52968193385972,14.839629014999373,0.3321140459415184,5.801910599362313,58.58876440489838,0.860091026048751,25738.907617914305,30880.07978437101,34616.04519189758,55824.212295014455
2023-06-11,1475.8702114230607,2027.442572725952,1506.0064694260423,1156.4668875655816,134.1364761917343,120.15291915273161,598.4465051241056,95.36843459270247,18.519431378125383,5.5555101809631395,2.8504814451259586,58.71814919709031,0.867874737196856,24320.140113127032,28960.42947515827,35188.210684483136,56529.2713179146
2023-06-12,1423.1104123955297,2124.560231588209,1516.0882064321183,1186.9544522320757,124.01223465814229,117.4970721233951,579.1236318952738,90.57958655493647,16.319745446657922,7.496905139297043,5.311913302787364,62.15335783284893,0.870615746516783,24771.057854688148,29375.512872849697,34788.40346275739,57256.29777197362
2023-06-13,1540.3239274575067,1898.6585952435216,1421.952494066907,1236.8481954219924,122.37192545418543,132.1198112968657,610.0418170031581,89.92098799246907,15.930055327620808,0.26490652419697946,6.5875493413629576,62.02631294885245,0.8359016026689757,25201.358526317897,31315.00691092159,34540.117041386286,54569.751032228734
2023-06-14,1474.5440195557242,2060.8450703238514,1369.6148782573575,1139.4926892090157,120.21684567267307,120.58285680545882,586.225774216479,90.41299473758636,16.12402428885978,5.924094570132544,7.4298371012870925,60.60828257754091,0.8778729733015685,24619.844040267846,29196.677291396172,33788.731339740654,55860.36199557634
2023-06-15,1565.1247082047912,1898.3932799642116,1394.8105030712377,1232.7466972114455,116.26991803540822,122.03499785448652,595.6423770848595,89.7645485741658,16.192753944505533,5.764145944539843,6.606234843701313,55.92924521512757,0.8620708385030044,25748.01077762093,30397.487384694698,34009.81344520503,55171.13337176992
2023-06-16,1510.0604912054816,1840.4381746406893,1401.7763949723887,1187.5991260678943,128.31113113227028,117.5443992091559,597.5060923576199,93.01129802842512,16.24549395159076,4.062738853670734,5.57147142071898,62.27323734111522,0.8545507699700013,24977.78426718195,29890.89035117384,34074.905306275956,53643.96152229159
2023-06-17,1527.5586107157935,2048.716882821714,1490.9162122060184,1142.081141463071,132.2672900812186,120.865928290633,598.9413639541542,92.13343391879616,14.747230954204984,4.682666088623901,7.911696219043615,61.45781344061675,0.8378814086815429,24266.261153927582,29328.4241748256,34875.81986595183,57611.01117364485
2023-06-18,1535.844143761807,1971.1306589473616,1491.07828207879,1089.692618942307,126.22901470619247,122.75550740719865,599.7828769521079,91.87473619674905,15.515323781572864,5.011537693965522,3.1150005920311514,59.4707815281194,0.8156842793207348,23933.25468382605,28502.098168175708,35095.015018168575,55716.15307066568
2023-06-19,1505.336330075921,1791.8323680659382,1497.283700641596,1299.9102413053365,132.47096554127214,116.05385725373746,614.3164895074322,88.91796583751707,15.49453793683275,2.738958635157218,7.48836038329756,60.99679440547637,0.8805712797365705,26078.29678694759,31653.63021971035,34810.765835373,53472.235265413845
2023-06-20,1370.9091049625886,1862.4048140963416,1563.4977119463374,1219.658687398983,131.5496748109648,121.63159757649268,603.5934558573028,93.20497607063031,14.807766045551102,4.737116320912246,2.426226435920725,60.422495939125696,0.8232628579440189,25582.3681802157,29888.7939168707,36026.78173569401,54175.80489711523
2023-06-21,1537.348229108281,2033.7349557489545,1356.6297256201967,1226.3049133432494,119.67446742339334,119.33878123657347,618.7090411305688,90.55701198174087,15.746627251061936,6.285607183257268,1.8451757400237634,59.45477632184852,0.8787815720778107,25510.193992207674,30306.3415602946,33331.66850507823,55840.06380410236
2023-06-22,1427.218452516444,1944.902445982312,1355.6267432153945,1168.0175836585638,125.3815435647529,117.00986516497007,582.9095909445712,91.88148838772535,15.250801677885855,2.7651429919223935,2.6162415874757805,61.69758619097263,0.8512547894416579,24520.543045155697,29369.328799220704,33328.90846378342,54448.903209675474
2023-06-23,1501.0382610094189,2040.5467041757795,1420.728382780443,1107.3028702852555,124.81766992441106,114.01469301509746,614.6838759221048,92.5344984745362,16.24195976004991,0.7761928819392638,5.884894622866261,60.87395272714778,0.8467828553431279,24131.88269193378,29033.833244942234,34403.084646218544,56421.50063111666
2023-06-24,1572.2531694114987,1766.2250689198806,1382.6365129914032,1208.0537838515365,124.8130869258399,114.64390242167276,585.2569329994615,94.8224959222719,15.236892505776526,3.059145903970477,5.19237804116782,62.08413763142749,0.8982970889078284,25261.655594315987,30003.601688631363,34027.17100966499,52298.55639341501
2023-06-25,1543.7209298713246,1884.0064888710865,1529.6898443510834,1133.9408800537622,122.45479576932411,117.86542220893958,601.5764461204265,92.90649827252481,17.49842604158156,8.468647474182694,4.868527123583529,60.85725934174787,0.8614333985574565,24298.590392077294,29051.712382350204,35599.95271148419,54437.23522812277
2023-06-26,1454.5801282110804,1971.4755094039886,1429.1623939011854,1115.4286354278506,119.38579053427044,128.18447142341657,624.6983331344275,93.3078670455689,17.14726340175828,0.5707405534094812,6.499321458394316,61.431542192571754,0.8680723662631207,23888.562771705085,28969.829358450435,34612.43231422086,55434.27266421231
2023-06-27,1510.3079310414166,1891.9039029349574,1479.9764664580453,1148.47934225128,122.5954788142525,129.96418816657956,613.6510962607433,93.3446372603974,15.46111426057091,5.928710270581851,5.114593895883671,61.964272937631385,0.8879735342900278,24536.13684649281,29510.900272538725,34612.1546955824,54178.18877174859
2023-06-28,1482.6172866894228,1979.5630528167776,1286.1341729788007,1145.2362699611244,132.53186558319305,118.47888904920315,588.6990273292439,89.60992965982818,16.373012049865313,0.9873009690811907,0.22228297288719734,59.339323264047266,0.8567988359414532,24351.30653050494,29227.1495256814,32348.709393071684,55887.03201260806
2023-06-29,1527.3126309514585,1740.1318111513817,1514.6327230107588,1228.4880459318397,117.59419902565894,129.0737408989063,598.3809983198365,91.33269287844595,15.11809961028339,8.908959062984332,2.132639435250944,58.119021769348095,0.8761017486301613,24951.082928171643,30592.455872968196,35173.010776145034,52296.78578255606
2023-06-30,1399.943771512167,1827.96510863714,1393.567287795168,1171.758113502736,121.38977483243474,124.1288602017498,591.9708766395911,91.85251551073756,15.620709071325459,1.4466845684254759,7.623068916802115,59.69920272456647,0.8383540584012131,24469.38967356923,29773.59840903103,33619.584556218884,53548.15111316677
2023-07-01,1346.6218555066991,1905.276735073462,1460.7087355224935,1087.74143603212,124.78160249392212,122.29817585706235,618.695185326363,92.27474633154348,16.84940745355225,7.805804214214254,2.7285161580291604,61.46966842524587,0.8035142354351235,23926.681942735097,28774.91304396311,34806.62206668345,54419.06534238054
2023-07-02,1468.2087805983463,1981.1413523920182,1454.78708038404,1086.8962485311308,131.20587137581592,122.4128537184899,627.5955411379209,92.78389336488516,15.818979271132454,9.010168883364406,7.780791941893641,59.35421951434629,0.8366964323773738,24175.586842273082,29003.821083903043,34657.406723419685,55525.13142148954
2023-07-03,1461.1260060608565,1779.352670954499,1439.9084747325908,1114.7753695557246,136.7517085692916,121.26690355959684,587.453005832467,90.45246258217603,16.5372356471535,9.574212036828971,4.804729404113819,60.54128743215348,0.8752699995190087,24090.215676027125,28505.83713758977,33088.09310900651,51833.02182281733
2023-07-04,1340.675466662263,1879.1157997108596,1453.1999488194733,1116.2170929931538,120.111995733485,117.4738078839517,578.3571496869943,94.12687989037678,17.773676418728797,0.5438527797212189,3.5635429485088137,61.22236967330925,0.855513848339403,23925.353079105687,28866.558931524156,34193.577250069946,54178.100857857826
2023-07-05,1463.0151732659112,1996.0176133162252,1254.7858315715932,1118.9242722876825,128.26864838081931,120.77453199408068,616.8509894206975,96.07253883770359,16.883006748360817,4.684466829566103,1.6314391434185689,59.355125845657035,0.8156558091929482,24116.771544044954,29107.139725561097,32042.761778364005,55900.94073979166
2023-07-06,1435.7787987631216,1845.8703672844924,1354.409150687072,1106.0683160790907,132.29772419184448,126.75678760500406,592.2580518350712,90.85073905374195,16.369979860438267,4.966412146606277,4.024244582561001,59.4608501031888,0.8408192598193598,24047.396457334595,29193.43975908979,33068.42518068992,54268.65885807766
2023-07-07,1489.2532523998873,1959.9954235048042,1373.395671666005,1116.1927474088393,127.6030437021483,116.45040304037711,618.0447705350109,91.8143173357483,15.136684933130052,9.97261853658365,5.578144260857465,56.266915627031125,0.8122094744852634,24024.158071442653,29174.897453588168,33395.16402995477,56033.33711036748
2023-07-08,1398.5806193679794,1993.2185470152017,1522.6248351576867,1219.7990546832727,125.91029441223843,113.7538407219115,620.8167973554015,92.00073421862311,17.389919864749306,0.3419639540534192,1.2080765556517497,59.12832995412761,0.8769025703340997,24954.577173248705,30124.22225165273,35139.742719229456,56684.88163619845
2023-07-09,1440.3745331173347,2048.2911181010595,1367.8622448256422,1120.4081901892675,130.71681675516146,114.06165595130479,607.30001543957,93.66216995921214,16.13902508183766,4.55549527701918,2.8798262210415597,57.469520412839294,0.8591733373944581,24335.491893882998,29486.36601411101,33638.05635451405,56841.463698280575
2023-07-10,1415.9707915192869,1799.9624904420207,1518.0089376767153,1170.9239449737852,131.67256760993075,113.07597541969128,591.2516673677338,94.03064596071475,14.925755157608032,0.49377639820012753,3.1296291483680863,57.44803790058986,0.8563172939194804,24707.765912506286,29438.723104275276,34630.73127101462,52661.43157241609
2023-07-11,1488.0744646219346,1956.577157261805,1532.6232918542144,1114.9316496720312,120.38295925332535,119.83281360946503,607.4921848163364,89.98133577855859,15.764838542605839,7.482943480239102,6.25465914189858,59.1779734802452,0.8430516799388891,24308.526116024994,29025.609791893658,35202.06936935218,55008.71296365965
2023-07-12,1444.9771755919876,1849.3163365447713,1284.335221642287,1181.4191109078022,126.97017784118515,129.1611899231731,619.4963296063576,96.76404854099854,16.458768254136107,7.47479540639617,3.630728505167297,59.542055873673426,0.8689908159984472,25115.372745281584,29798.999000303953,32999.7130688269,53387.70570760236
2023-07-13,1425.1443160499045,1830.8242303101763,1417.8232363474451,1038.0882345553891,129.20332789682794,112.38650707387933,610.5566812097913,89.8349134109396,16.500117866283016,8.5993463112744,4.954854978945682,60.47770389719575,0.838662426142248,23300.857170872467,27754.97181187158,34298.903758862725,53520.21977010388
2023-07-14,1404.1617148650332,2036.271633075834,1408.7143464158632,1189.3484676936112,127.32847690240354,113.1164611269055,579.7369328907364,91.3190775253835,17.366613762242313,0.15087908716217568,6.971268187002971,60.34503139456437,0.8398342929234496,24759.675605995457,30401.968665950808,34015.246801859124,56527.011553743985
2023-07-15,1461.4813358019592,2043.6314583440424,1272.6597963899983,1196.9446205004785,121.33699706806343,124.39958854317493,567.5864619085002,90.91461177498896,16.03952671699306,1.2204693418979407,1.165746388097447,57.89493401908402,0.8378269195200966,24776.43225422831,29649.579387930185,32908.09630391831,56209.96839774908
2023-07-16,1507.8666024889592,2034.361079278996,1547.98944256645,1161.9897706472798,118.64326876779604,124.03929726192501,594.0831662006697,90.62661279389506,15.987277495351137,6.278569568172259,5.422253544893989,59.216957943531376,0.8493409765371953,24773.30954595592,28992.736192305776,34745.6102133757,56250.53923889125
2023-07-17,1465.909017565321,1998.3965126784276,1395.1304297320078,1132.2916714603714,120.55147788440473,112.40490771608842,598.8012874720407,91.82053267444066,17.49020939217981,4.1120735100694805,5.0069635555158785,58.9271974981716,0.8209199993290772,24283.060282226215,29312.53969851565,33810.37034692729,55513.98398449726
2023-07-18,1377.795154825632,1857.7861180198645,1442.6787055657655,1158.2146756744341,129.2742912111698,113.11374036042113,607.3898551136356,91.4914667872916,15.052469948870828,7.111182129103167,2.597001912376469,61.61250104635518,0.8193187586217368,24716.61915407254,29576.01342563576,34684.68030075455,54231.82267956878
2023-07-19,1582.7508734811597,1922.599831208398,1419.0222283934397,1178.1981269042853,132.64887661287088,122.2571183939674,603.9069760008308,93.29958088063398,16.324641729574893,4.138063586341526,0.15412268089895864,57.99829484317144,0.8185775345531198,24869.494321860402,29745.796712859483,34295.677009623374,55296.06856890547
2023-07-20,1511.1133968733707,1914.1379480839921,1491.6183878258025,1139.2003563716796,128.40649765260775,126.35263613587378,608.4497949937322,95.38554579294085,16.430781850979006,6.6123159663391915,4.202594356587207,59.55123263487706,0.8645074582240626,24206.416498449365,28945.735019086635,34712.83221021482,54552.28708466874
2023-07-21,1378.7838170694586,1825.9147615423108,1450.9437244837688,1122.1030527386617,120.96644917209774,122.0583454442831,605.6445899956994,90.77180798941416,15.027064790016363,8.670360268457586,1.7625957141979791,62.783465473628524,0.8495713549929973,24144.871403466364,28841.367251659343,34184.79927337282,53548.48427435936
2023-07-22,1441.1701271488716,1876.7908881143164,1186.4475880740629,1093.7816052942997,120.46225779600422,114.43380252734049,586.758313067905,92.12089244625078,15.994044246557749,6.491931453931158,3.4467161835642113,58.34229996208675,0.8648872472381977,23786.73504877764,28730.61443705084,31763.917568198744,54475.11399073946
2023-07-23,1419.6522068908391,1765.3483628482486,1403.9318302996812,1125.9241838177586,121.87589683867742,117.82814785540778,606.9525355116531,91.19895002425889,16.33129348889224,0.8121877843125358,6.254300650650779,60.3656477962201,0.820980787736204,24480.913372856747,29447.987832377785,34143.28573660714,52852.386617039294
2023-07-24,1375.6607851627066,1858.9886214188598,1430.965901712116,1114.663456349649,129.95541564124085,119.43832788038097,610.6336457047972,91.95154985014977,17.44068389427481,3.819598027610245,6.897235536417261,61.30795048786804,0.8203286559251853,24164.45029008404,29096.610052268818,34240.97928095174,53536.46046074846
2023-07-25,1452.1728735447111,1948.5535280789645,1426.9565525563958,1091.4263698776938,122.62972350635971,124.91157334687094,635.2990829269552,92.81361178369067,16.33669532894158,0.440379477925924,6.532984266904371,57.393690244845644,0.81884100288977,24341.368838614613,28643.628222398296,34390.33544502144,55653.27672667346
2023-07-26,1479.6047673190178,2097.441180401129,1491.9495965965693,1235.254184339672,125.2107803681511,121.20535235988108,578.0380591642254,95.03306491240171,13.657527117239045,6.56808752761794,7.107553448042648,61.89304944630712,0.8585966756301739,25056.147386341978,29956.0793751092,34730.45148895348,57703.793879707286
2023-07-27,1418.2765615787387,1666.00378082043,1511.9111636230255,1214.3723192843177,123.1640565789551,119.96577871874122,605.5811577250029,89.68232634735988,16.415675563374478,3.8287993939111886,2.4058576958721742,58.756625903244206,0.8448293001545658,25390.251553550213,30209.854633770152,35359.9298179576,50639.24158849715
2023-07-28,1462.7407402611861,1929.3092796952983,1377.8834091885428,1170.25856635677,126.79409474563586,114.36714798240995,611.8844555272898,90.30265947213528,16.26418999372737,6.9261044680662165,7.966628240714182,58.74666615616562,0.8348835878690867,24592.589961122794,29589.897256431235,33631.18968454455,54694.55389328787
2023-07-29,1370.1014967835931,1948.026677715662,1386.0619313550721,963.3900555486595,130.1433142728739,122.2014954954349,618.0928642983633,93.81270251281157,16.201484502181835,5.198463027106043,7.826636566988397,62.18131245903472,0.8046198975291321,22536.538436518487,26544.62614344284,33861.75889066654,55005.70827932075
2023-07-30,1471.1729563766278,1805.4301128556133,1387.9226695044338,1020.1705609866679,127.55697657753814,115.3911565449093,608.3038340966343,91.79986642586218,17.683206432721867,0.19385139597520307,4.6228646938698,59.75689867016725,0.8548058369563433,23085.537355278102,28218.210524271202,33846.84595477418,52976.11278189599
2023-07-31,1469.7417423894751,1740.8260849689468,1466.4184325383499,1109.702690183942,121.78909572111473,130.21594810778322,603.3274504547941,91.9827652059088,15.895687704991175,1.5455626655395416,0.8771618448703506,60.20559177497935,0.8192762735395495,23754.408098118773,29116.576197296024,34380.69851714467,52370.14460867856
2023-08-01,1484.156027113123,1724.07745120481,1475.0061925113857,1119.252486744718,133.90039197055353,119.91984382806697,590.3797892150154,91.8607707817766,16.161023464483293,1.6039470684607415,1.3574625146476782,60.05664752631489,0.8140325955481985,24065.920176160787,28509.94288446039,34713.696092827646,51883.125143990714
2023-08-02,1405.2809497256617,1844.7790463044846,1413.480341160317,1298.2083940831283,121.44806611827181,126.15231512331533,594.8328003350232,93.88723306044956,16.088098991619695,7.388982556396425,2.3952720168320525,59.78964955492024,0.8344771713985569,25906.138110732743,31033.044080181076,33710.03584712834,53544.303370980706
2023-08-03,1520.079064965109,1880.6134223448007,1310.3788796270044,1156.1431178120133,128.0384420441762,120.60602157086974,597.1774879353246,94.76589768282207,16.560356721516232,2.6593412242981085,3.582150110758123,60.25617750940083,0.8244580198320688,24865.25279354991,29620.73532957501,33190.01920097816,54412.81761357595
2023-08-04,1359.6595213875653,1944.6482547063206,1404.3946253614818,1102.2927156858973,126.91043820136593,130.0116307838559,613.8225858699598,93.04480963635525,13.925370217647743,8.967455946636957,5.51217970859333,60.51311114245059,0.8429202337867708,23987.38084191566,29078.747969580883,33755.88329045431,55120.8430324035
2023-08-05,1348.8238500858563,1979.7448799128415,1254.814008249208,1092.4163822107168,119.82787436031599,125.52247474522301,596.9374935527651,89.35354289056114,14.766490580820149,4.483638236839685,0.6207917911835592,58.16749940127755,0.824483790545923,24199.12869811619,28621.617091550157,32676.523632048637,55319.443288306684
2023-08-06,1457.8020660779896,2022.579115950863,1159.6877323794615,1067.8864932574106,123.6422269956408,124.78609005546875,614.0795198162721,92.18071681465194,14.411298723737811,2.839528381810985,3.3477589609044998,61.66673304432834,0.8138583640790433,23915.708601003316,28533.170359141903,31579.248590523137,56246.32261574238
2023-08-07,1403.8833549282306,1907.5227994280906,1482.1421530035352,1094.0792860061993,133.0657044914922,122.83292329408637,599.9145115321054,92.697632139671,17.216391033946017,2.7824886215558253,4.143733799367426,61.084307092802554,0.8384562321179194,23789.39186036702,29309.30766892762,34523.04674161613,55156.07399437844
2023-08-08,1443.594331746091,1754.2595582838746,1405.1513898149708,1063.1055955548338,120.03666987785192,121.95974740911076,609.4290077732211,90.2239816708998,17.118604419220024,6.6896815616238055,6.3969056826576915,56.694578695378816,0.8252357340179809,23633.341142767316,28188.006832394913,33914.733005531736,52418.44024216062
2023-08-09,1392.4213974162299,2030.8863795653463,1390.3473269403237,1220.6413568371065,127.72191994569181,119.69144419594474,608.427538689266,93.38422862384029,15.981172337224,2.995889584825644,4.352888162632904,57.49305087088885,0.8185752780420951,24987.577542348514,30536.055046262743,33568.137253573404,57100.344937810056
2023-08-10,1514.8620583029292,1810.3856414104087,1239.5963989515578,1133.4401681258794,126.78143353508862,114.48371857719039,600.2103092988991,96.61433303623788,15.518015909189714,7.875444976998217,1.4104840390511715,63.70076762005773,0.8369264523368822,24341.13462127629,28988.57992938022,32181.874081524013,52373.215006412094
2023-08-11,1467.860922345857,1747.954523624008,1400.878640821875,1155.706447132887,133.05768252883044,124.91384729280819,625.2075629889376,94.92059685260794,14.263831179883661,3.639583263060678,6.493823985839502,62.50366902027014,0.855727500499125,24666.737906760907,29555.51803986301,33666.00908629909,52517.71275143663
2023-08-12,1399.3121218220572,1944.4729498522433,1451.131370047508,1117.1174958647346,125.68835798254413,124.64948600467737,602.5042138873872,93.54281962505844,17.002409855445766,9.966443849801557,2.548929388703007,59.09940999002937,0.8050707757655949,23936.549641523892,28962.516824672155,34479.99321767308,55265.9294527536
2023-08-13,1458.9706460842458,1953.3193161395257,1407.4195279154153,1117.0257094083097,123.70115384462119,121.81814603236897,597.9041110493685,95.23360320061462,15.530335317337983,7.3220320407016715,2.0761644886407025,59.43113488336064,0.7706966480208033,24164.57217232625,28994.439394675366,33816.548932227015,55000.98147684136
2023-08-14,1477.5627166993472,1783.4946983932327,1461.6222537645722,1096.8182027626376,140.1444452382211,127.37904150724638,622.1410307667227,93.53608102722235,16.66561100718972,5.405821885629184,6.540637424731515,59.46944144946596,0.8130206763977957,24246.57096104983,28849.50475113351,34469.93161389767,53589.057018162406
2023-08-15,1439.7251494520522,1892.4405963805443,1260.9165411962133,1152.9851000104122,128.1503644135779,116.2000818267974,624.9031795454002,91.88969498251014,15.719409033037739,0.48486421617657927,7.368166612821333,60.22299490390292,0.8176091486104053,24679.626094688585,29655.778906038675,32368.88946330295,54798.146801846946
2023-08-16,1462.4534047171464,1861.610123518409,1281.5035641804495,1108.2917020371392,130.59535164369612,124.38378976606411,599.7793946378749,93.31268554502859,16.064623924098616,9.356292520507138,4.63829165973171,65.45374815662633,0.7925612623984799,24070.98665271255,28770.297401540825,32719.762185754607,54595.86522055249
2023-08-17,1359.4713272039855,1886.578855383798,1346.0463776532056,1113.3791241719046,118.68736310894442,122.37834521965884,604.4351479105111,94.91330649970827,15.985604791020458,9.543077675496688,2.1383329179692163,59.70197294386679,0.7897575434437593,23977.92998533922,28386.101152814335,33632.16392715504,53902.67073091526
2023-08-18,1482.4794856636313,1902.2209822948416,1417.5690050554933,1077.1527419535478,120.11569232490676,125.8365983041359,608.7480745610816,95.77419239001358,14.524573697826694,1.9089387265115565,1.7700317442336546,62.146960044625935,0.8173913738005185,23728.30641967403,28449.532732194988,33953.28431721266,54868.21308191106
2023-08-19,1331.9424827170576,1885.585831273602,1339.323312525138,1222.9576014643335,122.38772703409707,111.91298729965203,605.6604564705386,96.41612704187988,15.596387959116376,2.7941855353814695,2.6004154021476795,60.17580010152828,0.8202701344861704,25431.163244199404,30179.470720062418,32679.13492376339,54723.427141077285
2023-08-20,1433.5793271914665,1947.5277652119,1351.092341819172,1054.6279357287965,131.461381881237,118.69456968028203,640.4556274028129,90.69961720190258,17.096899139649075,5.941859724659424,4.08574149183937,61.96144945232207,0.828881488226686,23816.628634054294,28574.709057006,33975.994712755324,55883.4076379706
2023-08-21,1400.9689268352984,1849.8858269465343,1392.637140782376,1132.5214157524329,122.96660835286244,120.03181702713597,583.7648060184947,93.75486224919905,14.336021569368395,9.034654074597498,0.19603023018562737,60.12881828067729,0.8221543412614424,24125.085309820777,29376.688521495784,33743.102208593125,54537.38703938944
2023-08-22,1465.4042730908761,1917.3273945430913,1344.485498455323,1135.364327147531,132.81168494892302,122.25093938368818,607.3865993685331,94.79202045618243,15.34336837979345,6.125706092002169,0.263784507349742,62.10571991121493,0.8028314352714826,24278.37241997132,29240.528827484824,33542.54590681856,55259.70168813131
2023-08-23,1416.3811669921631,2004.391469121725,1335.304915449528,1149.6419449660923,122.17052453173787,115.46187485488335,610.3650489068469,90.05474810861614,15.096727544202086,9.766022177523542,3.8964568506706714,62.51862929480215,0.8112187491578571,24176.230897873666,29207.049307697398,33861.99801458779,56483.77984504802
2023-08-24,1441.7666533695467,1993.1076852954764,1425.397836513103,1027.6987901464172,135.12733949291803,120.0954998197758,598.3270000349106,96.87419471435668,15.992172697002161,9.898607912948796,5.920377445053619,61.586856074437854,0.7884361966532358,23228.32153976759,27940.613168284974,33873.54450059554,55072.54743470898
2023-08-25,1340.9459790668368,1900.4305033681244,1351.1565296682897,1093.478930264648,128.7352628192082,121.58125704742119,590.9649202033877,92.06582452710008,16.064798599679964,7.753460470809009,2.809692640265445,60.188288263206275,0.8364507118052213,23977.756918331845,28756.84035936231,33420.788787503734,54404.46413667785
2023-08-26,1425.7792283576798,1967.706769251087,1584.5572293573202,1105.0300146198995,123.01784475727109,122.21670751825238,611.4683866675261,94.8159617845267,18.04703767509685,7.6996329557867424,7.149168545417459,61.033043402813576,0.8365037677853708,24029.341243318395,28771.629737049032,35600.562614253235,55633.69981193336
2023-08-27,1380.310406542139,2009.8483164883426,1354.2279770185096,1198.9384032167986,125.89534097909754,123.24281438640251,613.2480083332078,93.90756281592088,16.989947337630944,3.0896151634603175,4.450446860818409,56.328757640316915,0.8079825872363685,24929.79721438878,30015.403589610134,33176.772482968874,56876.85865720419
2023-08-28,1401.6403543604872,2036.8255472044186,1339.8143274498348,1139.6617737102224,123.52794083092466,120.77798837137496,617.2631472224667,91.0593612848628,15.38099691822937,6.858137565534746,5.288222773163431,63.10047741980513,0.8177984712200548,24580.912655801734,29373.231150982585,32802.87247278381,57675.1848609803
2023-08-29,1469.8506137112065,2000.2102537466765,1330.3697013499425,1215.9263012044587,121.94498607310112,118.86271955793418,595.2364450769118,91.70701744325402,14.689594790416017,2.484092589554776,6.4268788596147814,58.342846649933946,0.7866168381876397,25308.030439107017,30076.69123170239,33069.45015489709,55496.289619151336
2023-08-30,1500.9054066821948,1866.0974932117383,1453.651038504486,1175.272110937448,125.39458922691847,121.34731921639009,603.2180564106382,96.34527133217395,13.840646871415576,8.542814832031404,3.8888092862023047,58.85177902341275,0.7632296775021786,25098.53192566205,29674.88928887012,34585.13041964033,54449.61952841822
2023-08-31,1401.7533453572216,2031.1950077567274,1441.49051485877,1204.0878437006272,126.94492458187526,125.29365379158078,611.9779644470352,89.30529482715734,15.776007675328573,4.105357027829366,3.7926015334408882,60.9948037053868,0.7734104541135314,25256.253952461826,29905.3613799556,34632.72107860766,57219.24701310456
2023-09-01,1462.3672959709165,1701.4360962887943,1445.4231832065916,1142.255328743867,125.00090642436628,123.95062538603696,623.8427258164329,91.48312892157799,16.83099266485871,3.8846338923361614,3.7225890487318187,63.369771311664856,0.7922344361468383,24415.28242529736,29111.484446950086,34736.508006298856,51485.09744617053
2023-09-02,1376.0995297704096,1801.4119860264552,1303.638000015634,1105.3455408101318,127.01499804616368,119.62434394488811,607.8370999702754,90.49151017237801,15.550533876649423,4.535150681547638,0.0937369897002327,58.57836616591679,0.8024534180662409,24546.86727062148,28741.413249995476,32828.90935232945,52991.63989220902
2023-09-03,1415.9369126252157,1920.4955180717163,1518.415366902539,1028.4098448260836,126.98646122169177,118.47165544268067,604.1658417038258,92.58822788160282,15.303987468603882,4.783698942015042,4.829347426035076,60.79790095842637,0.8038780655324832,23236.413028582574,27891.49837492229,34419.47183655331,55004.70276088735
2023-09-04,1415.7356475741178,1765.4338778351412,1377.3940347012644,1048.2984578618734,124.22266423127468,123.69334416159327,600.1741676656223,95.25159172538197,15.15617752218035,8.194699001989685,0.8285734135411911,62.407004666987625,0.8141386843045938,23467.891902578118,27607.522711691086,33915.15500061395,53045.955360765176
2023-09-05,1466.2080590482562,1858.0073707070396,1406.2942701751804,1093.4262767784726,124.90921449849266,122.9618147428227,646.9222231990674,90.72441786275914,15.796837639646542,5.329962992780878,1.6971678140954154,57.96106299898713,0.8122423157439298,24152.18730143803,29484.257102509873,33763.48881622747,54686.59837062257
2023-09-06,1450.9770682331812,1848.1994222552817,1401.7310893967042,1111.976919239436,132.7255657055893,122.51207781327682,594.0883790828085,94.47338328298868,17.230840145794783,4.162187523991591,5.1337052937902135,64.02066064093835,0.8002472859107997,23992.445465093973,28696.669069813393,33840.892528802804,54149.457634409075
2023-09-07,1517.0116177066136,1867.355204265239,1311.7431659740191,1147.8102784787222,121.94197350203095,125.24255731320503,638.2133807230723,94.6983820561421,16.56507218785739,0.7449561550817407,4.783651297983358,63.6250619228458,0.7935164240974323,24656.57821646371,29685.349141834537,32926.80633214757,55025.71467957721
2023-09-08,1466.9359300132498,2110.0063287324265,1431.4341189289967,1205.9281867830325,126.77907894806754,121.86864513923393,617.201002630237,91.42815113947299,15.997254653843816,2.7866467597183853,3.809586157096345,59.99968076393103,0.7576758903542896,24983.597254360877,30259.679636581892,33942.729745077064,58006.20321616925
2023-09-09,1538.4164809564666,1882.0283567318525,1475.9066547307036,1096.8152706449196,126.53934550590346,117.69585489865122,619.9293651034554,94.14398824708567,17.590878437601162,8.18525217818241,3.4752060027273775,60.1438080903642,0.8443743848022237,23877.831276280973,28905.988810539093,34176.24279276136,54219.438476305855
2023-09-10,1412.07681667489,2063.7251924089996,1417.0480871085167,1103.157262577233,130.0387043217396,124.5004372266156,623.954979984105,93.85782479155297,14.639564224493668,0.8951699743642749,3.2873515098225328,65.18275117109991,0.807442045854291,23975.95878255761,28915.26260386768,33695.77032989144,57319.54780116247
2023-09-11,1360.8853103294412,1964.9174396920992,1404.8355315282893,1206.213051374011,133.14060225544307,125.67702403775618,590.7762562881439,93.80367098901583,16.46785271737046,7.250551663689143,0.25450936464110274,61.026253119487585,0.8157469590464778,24816.696455850888,29828.125507826193,33943.20101466428,54936.86524819598
2023-09-12,1459.4429196763576,2082.800889851964,1401.5058420530897,1193.8244744984245,133.7399119493513,125.03128525021012,605.3888633887419,92.65878978982865,15.312342485966239,5.7236032442654246,7.328942516967058,62.39447786263541,0.8190005111461522,25172.535707116316,29888.40674240388,33775.90229521151,57659.76114711631
2023-09-13,1451.447326240308,1779.5038996467165,1441.1914826078087,1171.430339908686,136.03624161645521,116.04957055119701,624.5998902879072,94.32137549204296,17.766160894790886,1.8301997519386093,2.7653467520546737,60.55793882568677,0.7691733213498276,24779.622111894263,29760.36155496776,34125.97180462556,53439.11596644424
2023-09-14,1390.9633871755216,1999.960001082581,1520.0191545523858,1258.1532520493784,123.01030474338305,128.68196342050146,626.2872727176253,96.34018674310276,16.25669578725521,7.1740111427219375,2.6714983101726713,62.71880436677658,0.7943410780293203,25467.80318238101,30761.813540881732,35921.58254614075,56227.730604206314
2023-09-15,1447.9606456620727,1788.8272740779769,1439.570580601126,1151.7343232920975,120.76694054501799,129.72574248158205,624.6291655022836,92.83357624024931,17.443048409299443,5.652141463081886,7.722232004823965,66.86795112495348,0.8318783270132217,24638.466697142016,29398.98372742019,34829.133473735914,52920.839774000044
2023-09-16,1452.4633568401846,1908.4742507756664,1466.5031989127215,1206.3503805412795,119.70258962118965,121.73092016169971,618.7009380224322,90.92007188806305,16.79510955388607,8.827102149965,4.409729936798783,59.43804001059108,0.7839366531131502,25337.29916118221,30092.683349790423,34953.95233334692,55020.22833323358
2023-09-17,1370.3265427776832,1784.2665109691382,1449.3723470859907,1109.5901658562566,118.91614484955046,121.42899797105281,619.5881876915705,92.92096613879659,17.00941891324512,6.960645455815156,0.5300993744560456,63.41508055282062,0.7849125794355216,23957.233549407996,28930.528375867663,34163.747780175996,52935.90172693635
2023-09-18,1498.836906739554,1707.7544132606536,1316.6562099671314,1066.6406104029813,122.1981479238562,118.17123296114555,618.9354931912972,92.73412015286162,17.816398672547024,6.0391843794300195,6.423907958384763,62.51630464838584,0.8066362774552223,23765.413286020215,28756.498642997074,33312.801239634064,51283.058450285695
2023-09-19,1428.0058743347963,1953.5244952663325,1356.0157172178463,1135.7450610728727,128.81368973441866,118.48721908129146,628.8871020852696,93.46063618206388,15.945894166955577,5.724226719908243,6.696157759715849,61.823878330327105,0.8168634344814639,24752.45399703552,29364.37611282339,33884.6068894509,56178.27876788516
2023-09-20,1427.4918100434409,1913.9760670507337,1463.1307302558657,1111.404882723094,133.03949932018085,120.23460069296154,611.9963662645489,90.79217286965576,16.520187806598074,4.9341919529564535,1.2715284156457214,59.8641762106612,0.7981315443650209,24417.6988887078,29138.142987000185,34796.69741647495,55498.75221076319
2023-09-21,1427.703226668882,1898.9896273998513,1443.7567684778576,1200.9557336711855,122.0772461043926,122.06468265780568,597.799394479112,93.48161995425525,15.68661221239934,5.631705121617081,0.898232089036747,58.90179415488826,0.8004031390635845,24981.78555254379,30133.824983409217,34598.96075749033,54775.51502635424
2023-09-22,1434.4827707647967,1979.2728566868307,1560.0330968979356,1124.1551062646959,124.4546766502992,115.21756954769681,588.0164903909339,93.13307089897954,15.266137247778673,1.8539185700631422,3.8247369800698356,63.02685048199074,0.8195782310251877,24023.018071875387,29064.148038791882,35669.46384277955,55807.17188671782
2023-09-23,1418.5021301605186,1772.5554197691504,1530.610175419642,1171.9951840183485,124.89242956815197,124.62317877879416,614.5598141813927,92.35442341682833,15.838282556378875,3.1142391347538645,4.406269608855914,60.490175484516286,0.7904664825909498,25079.61985594747,30006.518724359277,35678.80161694112,52737.84744527671
2023-09-24,1457.312561326981,1911.6094342242511,1306.1390050443606,1182.3789764892133,123.59672983557748,127.8133998841248,619.11413045872,90.79889770089942,16.35585110879688,9.300397352966865,0.023226890401200073,61.07425816640503,0.7847060200837565,24831.08196137205,30194.66639701907,33442.88774525501,55394.04870639776
2023-09-25,1509.0463608805173,1836.8430118513338,1510.4023218808766,1107.204753187652,122.09697316851776,123.90051676847297,608.1510603845808,95.14471439997463,16.45068492925006,6.991728886024136,1.667714079051498,61.75873719589026,0.7976595927911465,24066.536939476453,28763.74900938932,34879.029052710306,53652.45656497927
2023-09-26,1436.3919328933234,1929.5193423888968,1438.6408785818353,1132.7091028787124,128.66200052160485,125.17154482917897,643.5693485384709,93.17220929136018,17.155613642473888,0.7908704851537751,0.9491222654996267,60.19637277827861,0.7973937826248464,24495.004377411093,29510.164389647864,34634.64527787746,55080.043971923806
2023-09-27,1454.026027019177,1846.4400527408998,1352.657123715402,1048.5398684550514,124.09815252226261,116.00149698174009,620.9514005137116,94.62520231630168,16.687846883060754,8.510124532533474,3.988514513111368,58.97361549925235,0.7834844721645691,23644.74658162596,27979.607709426375,33461.55071907203,54400.74581303953
2023-09-28,1356.0630348767327,1895.7899498804538,1426.8661104610744,1281.951036650324,119.36874869389867,119.06391637318839,642.9295120240977,92.25867265985157,15.255941084526238,0.9726204882930867,2.134800739696212,60.531905794029655,0.7864818037813522,25820.628206951726,31298.76784286071,34612.769943973515,54606.650821958545
2023-09-29,1412.6287119618205,1875.7335682688758,1436.383281694898,1169.0580234162749,122.31294104549224,122.58381780423393,590.7748523594463,92.09185044124658,15.277780231877951,8.80113686914079,7.207983317668519,61.298544736538005,0.8028778059705853,24795.648188498697,29679.51219338006,34110.91916239437,53668.91993008906
2023-09-30,1421.4576425971695,1853.3201468369314,1395.8546095999593,1075.764198847535,122.94761516416129,127.78595992057542,599.182356962492,93.9581643239548,13.988320729088137,5.408669966045138,5.153798464949908,62.424085402523126,0.7824789598746393,23828.345829089238,28348.176658315595,33538.569133614554,53432.77159693862
2023-10-01,1474.3855898833185,1999.6488995002558,1515.8318545453983,1152.2020673848992,131.6962628686004,130.80471368314775,622.6236609398117,93.71468825450869,16.30051749987924,9.521983087428158,0.44947036041360633,61.712154135717306,0.7876823031674921,24280.94725987647,29599.02357593525,35026.780192135935,55407.66864220332
2023-10-02,1423.4900426382526,1927.2771721674765,1442.7479330047177,1118.440087510409,120.71772816052629,119.80314152413138,619.2195560191739,91.85737285158565,17.934680037200682,1.8326713349968826,4.149420953492815,59.83264399358595,0.7968524936119608,24238.493419480063,28765.551606308603,33921.67685950235,55064.48092066513
2023-10-03,1502.047638936282,1957.1970825596836,1490.7199615394145,1079.100746821049,134.53390538901087,126.1825099741981,573.8442905484034,92.18395167591788,17.340140918717566,3.628804758122871,2.8670914625328994,61.31387519652887,0.8019751026624653,23513.450724392318,27734.723414312517,34568.99898673508,55083.56143664262
2023-10-04,1454.3486954109878,1978.021547419516,1416.9580533345595,1145.0704344966507,128.43963978321946,117.73195072300993,593.563338422946,95.8973880800064,15.658239191696499,1.8566726491363106,6.745479512934277,62.38105551332086,0.8008962930704011,24264.146547694225,28919.249253418395,34267.27855406388,55326.80397699755
2023-10-05,1427.2983251895967,2077.713714308659,1562.7690589626804,1211.573058661362,123.04290732506534,126.36055381609007,616.1106968622584,88.35866544473988,17.00855008910891,7.325808263666604,3.90664444707609,65.0567014446951,0.7938411247870366,24954.56753069031,30537.354439071074,35893.5771123743,57186.36887259712
2023-10-06,1461.6354431990803,1899.487766366207,1564.3787434572134,1121.3771531094117,120.25071470038444,123.4123947517125,617.9074104234037,93.28993407514595,15.8826930731002,8.50728554148082,5.476881955200292,59.98031608942848,0.7771075490322147,24483.090978479253,28838.252682329072,35488.43905669703,55342.84048423349
2023-10-07,1439.0612145044606,2044.146460904195,1347.8903799890875,1167.9490899055806,133.90800971463767,132.75261190989684,628.7353655676778,91.1972334509478,15.146817829085789,5.991961798172864,2.142497177714821,63.2346595604692,0.7892632014667381,25009.278313680643,29389.618448963465,33083.56453919926,57493.9650184942
2023-10-08,1503.065904011357,1846.3887905423935,1372.4286814010493,1145.2463279245392,113.44052223025498,131.5299188584015,594.6698514593751,94.4641498393437,15.929579596315865,5.796511502253924,6.372929093439174,58.965616630206,0.7813004754262614,24072.670689915383,29330.725910333415,33827.95043558635,53145.382321962345
2023-10-09,1450.5077416628055,2068.216791707834,1610.9133157333802,1097.0140662738102,120.30649046307367,123.13760945045216,622.8381225816266,93.38164751747493,16.68157480461608,0.8748385704465178,5.482354258667764,59.262092209282066,0.8040709017491797,24297.7700652156,29117.867842265572,36742.614276645,57502.52597106018
2023-10-10,1407.547514699915,1972.9893441474374,1486.3923445659818,1153.1591799858359,130.52234635352096,124.11922300290105,616.2753151282312,94.29764736651977,19.19994109726858,7.702819666686352,5.169609059631643,62.594098400937355,0.7914534533451166,24852.827625329992,29698.56305881394,34327.90239052591,55579.00213003756
2023-10-11,1477.3815683319388,1905.901104213663,1463.5171936583165,1109.392413072531,127.43842306675404,122.00828831750901,612.6747636824616,96.69178963023063,14.265878244760989,1.2825542025483327,1.4660832637030277,61.03528310828399,0.7849296426005133,23797.3677048142,28689.13069270086,34958.87410959654,54245.63008979701
2023-10-12,1508.5433123044897,1913.356587823787,1316.969787491993,1276.2074772720848,121.30002264915625,120.55388735582657,636.1904746449972,96.12865278653325,17.11925743718764,3.1039493680122634,3.538893447366359,60.7241350966757,0.7701016992537049,25867.479562508743,31272.164291493573,33793.335935657065,55459.112503786215
2023-10-13,1480.2140021726623,1913.0568404031283,1442.268192807449,1153.8431603777735,123.35833483076784,119.5753735748797,585.3147737747017,95.8346232949034,14.15390154768566,9.158800088023927,0.9384203869201944,59.289197294294965,0.8087657796567588,24832.597738618817,29495.155721109422,33583.41218600454,54493.62157037816
2023-10-14,1399.4841264975223,1759.4715176874356,1525.9657327986422,1171.0357671824804,119.31391902250756,122.27699223508847,593.9465922838231,91.99219403961094,16.06740975485966,2.3351194410207765,2.8109942116442888,61.31318594692393,0.8305220393467501,24651.872766263292,29662.525033668786,34884.3706170664,51815.61792295895
2023-10-15,1476.5438110747632,2179.160563612202,1496.2430978498287,1167.5106161401816,125.76441164224156,121.07096906348694,627.1301589500508,94.86530555989962,16.38152640494612,0.6433143535912611,1.9610817677234245,62.873369342953,0.8075576822963905,24828.531606070923,29762.727388669882,35083.75679297315,59205.81288277542
2023-10-16,1535.3559652946738,1902.4293030371607,1595.4128756184484,1172.5710888210062,125.81176453680092,125.2905184966221,610.033718317481,92.58010617273959,15.96823970473831,1.1054506972988754,3.4093133006564402,58.00996783838254,0.7929653061508715,24896.867835155022,29379.893605566413,36152.3582704249,54707.56729583396
2023-10-17,1546.837258601012,2048.0456717173192,1485.97968399284,1102.6402024759163,126.30701014807948,118.20582713476578,621.5672455916406,96.30999000701603,15.305152482376236,6.687881317403251,2.6529047502331453,64.91672256772563,0.7854987692099863,23882.579041725785,28447.684511551663,35295.626050413615,57189.55414556775
2023-10-18,1526.8533534564183,2086.7741556959754,1452.1921563176222,1157.135812951409,124.69810648492455,124.3206805552394,631.1924625424089,91.11273755240244,16.361055923488617,0.6237748049510838,5.178730480292391,62.63886980411219,0.8046784192351936,24965.733742469027,29544.01028703185,34719.02041137122,57664.87841571416
2023-10-19,1523.2152607813662,1849.3580674071793,1572.766643229089,1187.1063095412912,127.46150205421733,121.4205474899025,603.1162799428864,97.74971243135818,16.24945227170553,5.656125584730361,3.4807000119920968,61.58130306674972,0.8092384009402268,25117.069015735233,30013.974349234228,35471.24511980736,53489.677605552584
2023-10-20,1502.0843565565424,1840.0982047900902,1420.74133480619,1152.6007156961064,121.69591569883826,122.42845270905946,587.6314249254575,92.60400701212875,17.405329523722983,5.229535831437921,6.753469362654272,66.63580214779181,0.7966199388524065,24298.894792733645,29291.174087566946,34214.392995754264,53054.26602610937
2023-10-21,1555.2819414939454,1904.1423298420941,1442.3927946085755,1113.9548305907178,124.2071524871367,125.31094406682983,607.6096700861849,96.13296628041945,16.765147125350367,9.93868097486173,6.683999548598338,67.27182351500291,0.804217625077368,23798.44075409289,29362.46215873839,34170.980718294595,53902.12131293823
2023-10-22,1451.4123310767613,1894.5226385368157,1590.5460778712122,1044.9506968158494,125.67639123508135,119.91196877130479,604.8724321644778,90.51405916024271,15.402121577605671,3.6332619572254545,4.2959202384598925,61.417073716684264,0.7874877413908397,23306.733433170295,28261.255516778216,35879.215743701076,54802.63823669585
2023-10-23,1510.0458970751033,1894.9811300314032,1376.4925318356736,1153.794344852045,126.10510406850598,124.6422982490258,643.9786365135701,96.27692648520782,18.093061262607893,7.876776561461025,6.02042790139584,59.45800437999116,0.7946453757606066,25157.867710981107,29592.55934759613,33743.795718528,55368.95671515421
2023-10-24,1560.6861040186768,1926.514605313168,1393.669390552085,1133.8043687822508,127.8281656229293,125.8312350155268,627.40964532487,91.3506420907808,16.484572417039285,7.886013375963233,0.35288836415929214,63.04051935871693,0.8162839273973045,24428.152380910484,29336.716306286187,34507.552876358306,55628.49257686074
2023-10-25,1495.6216548593407,2021.6962812028733,1423.3192751062352,1190.2309432064667,119.54936678890898,122.83082684692067,615.8932732477966,92.16414739278069,15.431569589385552,4.809416611563174,4.211307717925518,61.89611658095427,0.79339464098193,24911.565242010038,30265.39683080338,34579.661751932246,56400.68430423343
2023-10-26,1543.125410318475,2016.1521612518868,1437.529945747185,1144.9311754395906,123.45433193847887,128.11722781550998,633.6076483667126,93.5128759507096,16.024566029603992,9.062721910883711,1.6415709710608555,62.785409887341714,0.8223631446583697,24686.23415816076,29464.974313786977,34843.33574857629,56556.81919747177
2023-10-27,1592.5390862724576,1970.557916995904,1287.3614559246005,1147.5776963737158,119.45410239053635,127.9727788994174,623.7940915490815,92.35402195102486,16.004279001106852,4.120821860742908,5.080706937815815,59.67430349232267,0.8354615986740948,24508.765576619036,29646.04018196105,32269.42961355521,55397.66404877369
2023-10-28,1492.1813519826057,1908.485022075224,1652.3212958764352,1127.7829417451107,127.25279775371239,117.96677712166169,630.7161661906375,91.94342255288694,17.60523258218347,9.158222270370487,5.550376828782874,60.611367779686276,0.7821590103816344,24419.895388973186,28986.8871384809,36005.384879284735,55595.63956437193
2023-10-29,1442.1577981582273,1905.8960646077235,1458.166106249359,1222.02500904983,132.49218410791585,123.5157555041268,622.2798488409101,92.36832577007962,16.010447085944513,1.8469051696290695,6.321460510554208,62.94452067688836,0.8096395063111447,25179.030080133427,30405.867818060764,34293.240191458666,54430.63445912304
2023-10-30,1471.7887318473045,1952.9421370878838,1539.8240834389853,1145.5563883881348,126.57355105266188,124.04015994917145,590.8394975455517,92.39525268073605,17.156324297649267,8.530147460009761,7.375408135894189,61.88580351956708,0.8029015539345761,24314.39685070554,29526.31884215267,35142.0351108691,54887.48372153425
2023-10-31,1563.024161286501,1907.3054234360466,1510.7650474180987,1189.366756040118,123.22945119306996,118.51513978049529,612.6433781234211,92.08811380628168,16.562789473803594,7.732583180564266,3.000217416341651,63.970312338333706,0.8125338962615508,24712.08410221264,29965.445993356447,34889.1631361298,55133.8046137654
2023-11-01,1514.9989730975672,1959.42573710319,1544.5674915423056,1295.0417083150917,127.88702971087616,125.14058760338311,618.3098412406563,92.08079972138488,15.771569545569488,5.789358752833532,0.6878419510474361,67.21424172444925,0.8086319526719654,25981.291074568162,31412.18550521177,34948.531477115444,55314.03970999934
2023-11-02,1481.6653086286854,1825.7024075203706,1407.842746866854,1147.8326238295847,128.35618359046194,118.09773054173137,630.6963477934172,91.42999301561304,17.089232286541524,8.263541375904037,3.3445715482905642,62.3752800884408,0.8023214474904787,24791.40430543921,29146.29460986722,34090.45495147959,53645.552142607514
2023-11-03,1441.9379871068827,1838.9334978783259,1464.778960816146,1334.045052302372,118.82225317929402,117.60815748115427,593.4411952312112,95.54161262050305,16.702320925031646,1.0688071752157335,7.935516177355991,59.433381926009716,0.8250416277741262,26020.71810870961,31770.70333468559,34231.751191384625,53875.82529685218
2023-11-04,1607.1582260905382,2016.8375226995795,1316.726091768868,1179.9761509098234,128.83667631200035,121.54214867069557,602.622228526382,93.83364718208523,16.38730281920161,3.8345370763155895,7.48331222182328,64.43568095798483,0.8065048737893786,24953.09248448689,30243.779900383837,33293.50646947593,56510.958733150735
2023-11-05,1502.966240103601,2123.092152575424,1584.1891274273721,1145.7259087147677,133.40140522618296,120.36326220547836,611.098357641068,95.41507222257894,17.509164687572323,9.731107397755226,6.232086337455609,65.39351900855122,0.823577468862272,24820.975132306972,29330.34520259542,35618.705593851664,57828.241315821404
2023-11-06,1621.6037301431609,2126.440197380653,1497.4347267014216,1245.3180703585274,125.3540984756307,116.07115640039704,618.6404190990925,94.66753431409408,16.75933997832636,5.352305839893317,3.9228696768894755,65.45178888061936,0.8179376504092649,25555.835993874556,30633.21277755527,35317.603621396374,57391.775080790096
2023-11-07,1443.4216696580615,2031.1304315139037,1560.5657301512979,1213.1194991791035,125.95702083926592,120.55570305303605,632.6868764261671,92.62238552925885,14.023243881185445,3.2517611107924393,3.9999084865486445,61.42062248617489,0.8008951523431845,24766.447508543304,30386.299915321284,35711.98306355829,56752.32266108127
2023-11-08,1546.231579784731,1928.2819778045534,1559.474744410551,1217.1583212343362,130.27957223545616,126.09155493153668,614.768144445066,89.35153405206974,15.750714048709252,6.072978718404256,4.8448610513062915,60.30362385726505,0.8162473007951088,25232.539927439608,30253.62374532023,35015.085844541056,55116.44159531487
2023-11-09,1511.8347323186538,2080.9328685455084,1582.2031583222854,1115.5480928187803,126.67047718287213,112.36350900778571,632.1935104666256,93.71088912100586,18.078396366903792,1.8960882302342108,6.250151890516671,61.733414833395585,0.8111349517203466,23906.69828594491,29604.476938950436,35920.40543362401,57161.975671496984
2023-11-10,1561.211095525791,2052.7412139330486,1543.8641422662192,1118.5552797894145,125.40806153698976,119.80043226499926,607.1987126743742,91.82987316474791,15.725313126087883,6.591466263246778,6.608700590065942,63.45495009826273,0.7719147750201225,24302.288178103707,28853.023830784066,35448.07205122374,57476.890885266475
2023-11-11,1467.8318610650813,2059.359981775736,1600.7258918180655,1227.65960989594,129.63672767150507,122.75298523663184,597.8757603740588,95.58766484949477,16.16487058603752,7.318226570124491,4.127720560604794,63.64912142741758,0.7922509155339362,25165.959276927388,30248.619041143877,36273.71848026513,56890.79343710932
2023-11-12,1449.73907840736,2031.2975413274035,1515.6630563665951,1227.895260627384,121.81956648829117,116.40265181375,636.2927246929476,88.88022072214906,18.19182211258174,1.3847244280816529,7.887514156259873,63.23943416376388,0.7783512035228134,25828.626978026583,30237.324942899173,35418.994955484115,57241.770078984555
2023-11-13,1372.1867619814013,2110.609333533775,1668.161016945902,1302.495358249268,122.74603455890497,122.89669398967665,600.2431254336233,91.85421765648734,15.841125376778187,6.166562239884911,3.2930280785797743,63.87111540405444,0.8271516348132395,25620.15310341495,31244.14091116005,36256.347521240845,58026.98002188133
2023-11-14,1515.188819012109,2036.5993146295496,1557.5575575921139,1337.8159931129162,116.85018396228239,129.22013314491844,628.8548002733429,95.77440271086748,16.71393969166084,4.389993407580363,1.5279247159688136,61.370108594891306,0.8034441273527896,26448.72827034491,31871.659732160933,35331.995990677366,56504.37471727421
2023-11-15,1550.048421767514,2106.2953433946705,1454.1212857444743,1250.4598369582404,122.68303992610791,118.86091865663413,611.00216198076,97.52604178821014,17.365052695510897,5.140085380890433,1.4924828909152268,62.570987429601395,0.8124065195769602,25284.00182909056,30703.88413341944,34629.271016152714,57345.25165632305
2023-11-16,1547.7383611489042,1979.9442939901094,1490.9298045040052,1244.0613699660814,133.61906763049316,119.00252889426355,642.8644332563131,94.37534698585084,13.536115098071487,1.2046831497552668,2.157875505652756,65.7784136138264,0.8015090599134843,25386.798028447174,30651.298013309668,34643.291334378395,56289.811267653124
2023-11-17,1527.9183285460533,1995.3953843603676,1518.9721173369066,1322.676059727946,128.04662649151828,117.78232270040085,604.9360057523713,95.37650352817825,15.988067847795254,0.41582335727202047,6.631239746200464,61.200930272469826,0.8012368872968735,25928.740513942696,31852.18959810697,34628.08119741469,55683.567102179564
2023-11-18,1618.2785276135091,2060.712019345472,1514.329056750236,1212.852815947801,125.87970299635373,127.08941173385138,620.6155685688846,93.26892366205128,14.842842363211155,2.13843518760085,5.7069859081480425,63.3087581877342,0.8311159814087435,24955.556388751967,30417.456350284276,35155.17893485601,57098.180064828906
2023-11-19,1507.0765451176267,1956.279555671866,1527.138505285673,1225.9853048235545,125.6665339028785,124.641138757182,625.1480642981579,93.1339923681349,17.611677428198128,7.755687681527564,0.12155617597515,63.2356843488056,0.8268660962072972,25251.7033776142,30442.41512358595,35470.14769014642,55071.366884572846
2023-11-20,1465.7519045356723,2113.374944530445,1610.9063767160962,1228.3350026173737,120.57772548412169,124.72611363034872,621.8840182873058,98.57072255449482,17.04736093234503,9.741892061683059,3.752359442684912,63.112437816660346,0.7812063278175507,25464.537699273184,30631.88598719155,35457.40830638833,57632.79158285726
2023-11-21,1457.2839307564632,1995.460134257512,1651.3180317150598,1179.9883065580177,126.17151256716163,124.52393109183947,595.6956974932726,93.86207492096297,18.35255575959145,3.7230208119058994,0.6932479688540685,61.86332690755265,0.8082950514509177,25076.165933123386,29438.907429930623,36322.716089295114,56116.25529242194
2023-11-22,1596.6422508009966,2203.0257191237915,1427.3961317666003,1160.5870813567647,135.57960593904423,120.62859521971285,609.5730448787489,91.58452475159979,17.056513246104114,4.011599218819333,3.1533755780979504,63.45325193316584,0.8153571389145988,24844.76710801241,29223.561323338206,33954.85239777213,59594.93285900568
2023-11-23,1522.3796813183114,2251.168727070702,1403.9193321797459,1253.9181067006216,123.15888555468774,127.39173962645386,618.405397588939,92.48034445654194,16.640414464743227,4.444557135513412,5.083599733395365,63.23366607715164,0.8231197666405415,25606.854556037306,30951.845741348534,33760.85894880367,60753.83229154057
2023-11-24,1656.837632298388,2073.4110059451687,1405.69505008113,1227.2815175269109,123.12147488460283,120.19546040253599,616.4264289904918,95.32456143345526,16.597916093583542,9.548488149321887,6.3109946195964755,62.369921362309526,0.8271930009610835,25062.991645097765,30598.445834796978,34035.77650926694,56856.274430296005
2023-11-25,1537.83307445563,2074.4842110571394,1578.198163754497,1179.1386893932997,124.66120253729636,123.62861797775584,649.0309256520387,94.63560729790034,16.34866827194269,4.82865895651382,3.1086500922041163,64.78354279034355,0.8331044569575982,25415.18070036802,29798.63942706437,36110.47204406873,58471.8309936261
2023-11-26,1625.0846961701816,2272.427443640975,1602.5684243185883,1293.921564347349,132.47852357273538,124.1838502713759,639.6955183488674,93.89224592049048,16.924265865503678,6.744564983683179,5.9970630754563405,64.15758656289887,0.8415792286118831,26259.91742274037,31265.138819489224,35966.41312893451,59876.94158433505
2023-11-27,1483.9228812744802,2044.8376279326526,1489.0103967567893,1319.3475353312015,128.28916894470976,127.37753319919372,605.8342017759255,95.28376219879343,16.992148924639416,7.087631306028676,4.829705606610393,64.54385190789041,0.8507477930962869,26411.467487504244,31183.25473378381,34611.9599177475,56519.220783414836
2023-11-28,1606.806091027949,2105.258549411754,1578.9534938617817,1339.3387853468641,128.12811834585222,125.00345555754377,588.4882708685379,95.29862889101938,16.808140493558337,0.15060855574200227,4.709534737742615,65.37488713148512,0.8195798753337251,26269.770379631314,31615.030201050013,35505.51931517431,57487.400228959494
2023-11-29,1532.6195443582685,1960.4533148795224,1624.6031713983377,1241.3231346105745,122.25668326436087,127.70170801850765,597.8137797051119,94.67503213277352,15.850833421437798,2.2185016188041597,3.086767510583136,61.08965826644979,0.8277185083628587,25256.86018373499,30576.590524595566,35530.7582015565,55513.99915536615
2023-11-30,1494.3200897213346,2038.5836111697724,1593.2424272931855,1242.7102431196388,131.23914531626298,122.30277878755798,632.5399079273982,94.50218421502399,17.432235303732707,1.656879299802415,3.5718705681397225,63.08276585630768,0.8363490985974656,25634.58119947087,31014.33543899784,35890.86536017473,57205.55110124205
2023-12-01,1591.4489114363976,2128.5438508838906,1631.7606434155832,1206.9865061105293,123.11253086843746,121.78062037868443,616.1716640094384,92.42895574405843,16.31303291323981,1.819987606674126,5.379338336673173,64.30357114361134,0.8082686997188286,24880.987375312154,29900.35772816781,36132.78187486765,57597.676146989186
2023-12-02,1540.2942920981166,1991.2143809480267,1549.549630867456,1167.2334268901163,131.32859265942412,121.53293644248383,647.790044608839,96.9559343319581,15.572637936060232,9.197506238754059,6.533828115938727,67.42759228764824,0.8504551457981228,24907.277116033714,30066.509624304515,35750.33964199631,55977.14342187161
2023-12-03,1615.2034897999158,2134.2692014774098,1325.9626908599423,1180.2329391218132,126.46104546211325,123.3663374015468,632.9718372327792,88.77572246390598,16.432437180450084,4.758323770984189,3.0905769743449474,64.67499464290655,0.7823738636362375,25088.456172636506,30112.34862145614,33498.125549462704,59461.61221610163
2023-12-04,1584.5647398531153,2036.7777400025332,1572.0288819456782,1215.4827293537107,123.31862901375806,117.55609369625658,603.9012255325028,93.09280016912612,13.87564998182955,2.6024282844465407,1.507176289887795,64.71675571764193,0.8026600659524339,25197.50021948782,30152.339829436605,35619.97658166497,56423.34034634755
2023-12-05,1568.018111764418,2019.3865386598202,1600.7556226038648,1172.0536652708024,119.71025496906431,121.71461091084022,609.5395768045782,93.99478063364175,15.821427422977585,2.829174558896701,2.4511608130089515,65.17684459722571,0.8480857371715134,24667.612850417136,29264.880733960756,36235.68130965833,55933.33644342913
2023-12-06,1560.6952426034788,2059.1951578678827,1682.4290104266142,1193.9076522519629,125.1669671931456,120.19231971027925,653.9726857760172,92.5554053890438,16.248693432513743,9.592002969344513,5.78008440365192,64.17121332852417,0.8116226905692284,25197.825292071087,29965.751111048503,36551.95014352357,57801.638818494175
2023-12-07,1606.431955499805,2121.578261816103,1485.9590717902215,1219.723580642109,126.17130885072937,120.69020649853346,626.6375831697114,96.38447207051773,17.08928829727632,2.8259654542643133,5.175020554067929,66.29691894236902,0.8439854910819992,25029.685753416983,30700.562198015945,34575.87198072868,58079.55283441605
2023-12-08,1567.4283576993096,2058.2037180817892,1485.2277591628363,1208.6104814130995,120.0396657306264,122.77855793258459,616.8140810272904,92.96513977689365,15.8278269104822,8.452522685775216,6.60125324627866,61.991751094093225,0.8256862914310912,25254.115360568794,30006.49852231061,34931.32471426686,57042.912971638274
2023-12-09,1569.588525669336,2026.5582208482926,1450.0041949641486,1186.5957772950935,129.59129602306993,125.61830501045726,639.5567791356095,96.9275156480102,16.991351228357285,3.633024619792672,6.845268426101408,65.56032182404738,0.831104927795481,24996.826802798543,29574.655311034392,34643.1828372773,56799.20673291621
2023-12-10,1559.3082739421461,2370.215051845919,1564.5920822066325,1401.9306178611919,124.01228728297929,119.04887946711405,632.0082576456681,87.93410270228253,16.227205296286723,6.864608685118067,7.367233924488998,63.410911275628365,0.8664326720509566,26910.259979480838,32406.632737436717,35315.32447337229,61897.27993669368
2023-12-11,1580.4718865287318,1903.7328580553808,1426.8488104317003,1271.4464320026925,121.20467422160596,128.5523698304248,597.4985868487071,96.05563252211918,16.721442591545355,7.394328717932998,1.8994104207261397,63.72895229195998,0.7989024956797823,25902.54629510208,30731.388249999844,34539.68001120769,54831.84592276875
2023-12-12,1604.080171262728,2078.2548198917734,1496.9295863002023,1319.4182488365707,120.92142085434054,121.57648009597152,622.880510173088,92.1117964687893,16.48549247412944,2.4553211251918006,5.54060014545851,65.78377431261158,0.8152674465344758,26459.94023109456,31563.092817315723,34912.234300517564,57746.013229294644
2023-12-13,1574.4638821900228,1999.4352929455222,1567.7225351367701,1325.6102006537535,124.84096644238268,124.60285911932392,637.6431657582374,93.76527405102384,18.188562269857066,1.7858322205130284,0.8803440237690632,63.47194623064722,0.8319637891828314,26387.590873826834,31333.59919702554,35529.31031577443,56513.23036389516
2023-12-14,1611.3061531253593,2371.2037571074184,1522.7788023224316,1296.920783302594,131.79254310073884,118.37400915463509,616.9140682825225,97.99219504290778,14.303851332087806,3.3353854985373554,5.945346615839634,66.33548205458337,0.8350415637747263,26052.574194073462,30939.86637927474,35403.83695130655,61802.18751637437
2023-12-15,1593.4567387301252,1942.2201836026666,1349.2909400755727,1255.742317517216,128.43035809431865,124.3161785131127,629.6986455132903,90.48523423586707,16.63976075499422,9.263789722423262,1.5270164202418366,67.48979536646549,0.8380126823808917,25777.35934181978,30484.245150964576,33128.80501276892,55459.92198298741
2023-12-16,1575.5303606439988,2138.0673600658574,1598.8315956515187,1226.129267176191,124.68583175377067,122.17361522748493,595.7230789113815,94.62920392579015,17.616263700635262,2.8181232917300014,0.8433160485377149,66.70995045505322,0.8409829150541122,25299.38899679969,29916.602110363277,35821.93344369149,57427.15617835397
2023-12-17,1565.136631281786,2150.335366373527,1561.6296687547217,1352.355947308779,131.70908546154038,123.48327361370039,609.665121386962,94.37561316893327,15.822790302649294,4.092146977616834,5.508320193406897,66.55639166646768,0.8589676773857937,26668.078999211266,32191.835437393205,35926.81282445856,58144.40510637001
2023-12-18,1535.147710843925,2123.4380531203456,1587.2029434478256,1220.0786083628159,128.3769218514084,128.78551527682896,621.8261020219471,93.09333386203713,15.885741136572342,8.116606976362819,2.10024039808368,61.1637884594414,0.8313850312989683,25456.117438154037,30119.39148440249,35888.48256997918,58368.24030552581
2023-12-19,1596.6417329926337,2136.2371074270604,1423.3268934743062,1266.424954431878,127.56383683617076,124.6462363012379,622.4318017265149,95.79287584753176,19.143033738878934,2.6380803145836818,5.3709267708616535,66.63118094966936,0.8232284540544598,25555.595225109035,31097.612921703876,34201.25763794113,58644.3752985184
2023-12-20,1578.502965523086,2180.5710841102305,1471.1532150411124,1186.892317464934,131.17731718556433,127.74523925696212,616.2197921707997,92.94831873814108,17.334849414097707,5.471127532152544,5.446200266188495,66.39164429995849,0.8438954850795626,25027.65058314416,29945.30288719526,34820.71776913093,59110.076635598554
2023-12-21,1570.1620390835333,2139.074285011654,1571.7398974806326,1282.9622997082804,134.78831181099426,119.41384804081181,612.4196815063544,96.26354090471531,16.213255015623332,7.690874298130134,5.544187840958626,62.91607820506396,0.7974886299560915,26204.14998818935,31122.27495790046,34907.63332046242,58610.183041736
2023-12-22,1667.852747177036,2263.621808157676,1580.8616749416697,1271.5202706106227,134.73605370871016,126.86757352835167,635.5034155199722,95.5627994420937,17.020253838245743,8.517136205662924,4.7457612705126735,61.77509651221658,0.8321066470576224,25696.87718682691,31342.93076060087,35694.123818358355,60176.82419161375
2023-12-23,1607.8531098831158,2132.169653920514,1733.3812273301387,1250.8792076594978,129.27410205954052,122.26801076052105,628.7409975723214,92.10322382435264,18.371161699968667,3.8775313028826752,3.848771212999842,61.299031860264975,0.8338342369146574,25653.77810915906,30645.596665611793,37259.89957112041,58540.72411486753
2023-12-24,1624.4020449265056,2196.4704389519893,1632.4757854829154,1173.211303503703,135.22619088884505,121.22920164589885,624.8418934705619,95.13944543125791,15.523624073127264,1.8077545070899748,3.749036518563499,63.560940246317074,0.862451932406627,24498.69613169276,29610.653343333426,36151.3240166643,59451.52145936616
2023-12-25,1649.6360110240125,1975.8204880204025,1626.0349488580678,1245.7676141858328,123.34868729193964,122.09667846056334,600.0117631513837,93.62925376135594,17.173328359330814,1.243572500574751,0.4515281755779945,63.94152097730974,0.8163874422987549,25573.873627716494,30731.216297969684,36404.03208597983,55325.57674400151
2023-12-26,1607.7440455876374,2152.4199084505476,1409.2250628916167,1203.3202731915637,129.76210792603788,122.87939073598965,610.2174507355821,88.09798158812178,15.570441917656062,4.915047973920449,7.126894735956355,62.1098096645303,0.8405811514771746,24864.183233748678,30369.654347067437,33737.7299381257,58264.94232534054
2023-12-27,1626.2068239665898,1919.8310516848353,1605.817344668023,1211.7504676940791,128.07490231114957,125.98773048661961,632.7491845203065,93.17670270827182,15.258069505600345,1.8937723160900988,6.277833062956062,64.15393768681005,0.8705043689677916,25330.205016773176,30700.110973134997,35952.49538400644,54618.47278487609
2023-12-28,1651.5616659214504,2056.4863005417137,1525.2950878880579,1328.3975991765963,127.94136429069874,124.2902109718778,627.7413204969099,93.50872538902179,15.306560200721831,6.615910767728698,5.9951375717355315,65.7944589391868,0.8365570560196778,26398.876935295517,31675.71023662508,35299.61587327718,57199.66515377351
2023-12-29,1693.3178460713098,2290.811190518297,1597.2425565551682,1272.3650387212672,127.13727514253094,126.46499543490654,629.4948079486055,91.16188784805887,17.40262261941513,3.2616412001366015,2.4490159642574607,62.63083845056201,0.8621482879300957,26075.76231428923,31224.51366308475,36171.392626095745,60484.14853011479
2023-12-30,1636.983477895441,2257.4357904060116,1581.664046610096,1304.3711829733106,131.06929525363526,121.95735852205574,662.7640379145523,91.93153241677717,15.181054107950061,1.1532681411423418,4.192616085386874,64.20646844833172,0.8805481102104586,26327.516389006916,32087.993667086816,36146.2281327676,60189.566109947926
2023-12-31,1696.4237151092195,2037.2116536545511,1561.635712920709,1258.1901822694044,121.8986631613366,120.37062591657877,621.1042318994502,93.29716005948796,15.305439423653418,0.09876280283153127,3.829837169281043,66.65024132743419,0.8634353813949891,25462.532994153888,30842.796365520197,35897.602394981746,56036.41425010092
2024-01-01,1569.087386808492,2169.01793631776,1732.879054063527,1339.4372130835131,119.432869789758,121.08950917107788,602.7751285473032,94.05791323312307,15.820148518545315,2.6820124337432496,6.937642716273041,63.83626128570753,0.8271514208751708,26536.347449876346,31657.566738993442,36705.170300128055,58407.699864670896
2024-01-02,1621.4090530076617,2062.3918915604063,1539.59065178192,1419.971711830275,126.7483407948187,118.79448679842339,589.7562900905044,93.2162643357021,14.523322849999786,4.881790580032591,7.471748799024785,66.94470440600972,0.8813532889821417,27203.86295440608,33272.296769208704,34976.99424227874,56863.71013104941
2024-01-03,1598.588044112154,2108.064907598718,1619.6081475816204,1323.400315195777,122.10764242545778,123.9022187188742,644.5245079255416,93.33713652053287,16.342553207539044,8.193852023781451,4.7631902447093575,61.47027757710315,0.8498610592022069,26598.522049459825,32215.476040842666,36374.59232605968,58369.438379862106
2024-01-04,1508.322538484552,2069.251415949954,1467.424215703008,1357.7131507046813,126.72890734180355,123.52387287988003,623.4498076151333,92.53273163784493,15.271726153460028,4.425280795678028,0.22893052351813292,65.7463268017079,0.8666998067381281,26436.290347431455,32173.358789902097,34919.23132977442,57002.643848170585
2024-01-05,1614.362524165249,2210.481398872226,1586.9884827172873,1255.9062499685544,135.7141307108759,126.04611762347102,636.5766861026026,92.05736624722883,14.123209835042497,9.681400548305605,4.590216026985357,66.19800387425549,0.8689861993524407,25823.69800558653,30900.04857426695,35941.75340389521,58946.54942100842
2024-01-06,1688.0007354324712,2140.1548612887227,1662.9916500324446,1302.7316449992713,133.8547326452146,117.7569055951048,625.1783479054468,94.32481338878917,17.629510080028393,2.446328383894297,3.9734207242612873,62.59627766501295,0.8434971303801941,26070.841811182276,31133.19384565471,36548.11054561539,58646.86963774965
2024-01-07,1620.8309221945067,2100.014586127917,1617.7862158894775,1389.7268277123812,124.4053701689489,129.05991032068454,633.3308413171541,95.14836198341456,15.506757118496207,8.95904155423388,1.179808952939588,66.97721591229909,0.8526467554631167,26961.751208565795,32533.48386240571,36351.917116106706,58341.19604007191
2024-01-08,1534.0194641905473,2129.9261175407605,1665.3738068113955,1299.0176186561794,128.79911187536624,121.74616300161871,615.997499849935,90.14520394673538,17.754182050273744,8.043804768417727,0.6849914772583228,66.62325017625822,0.8542517173744615,26029.576124049025,31347.042252677806,36352.42756338695,57631.50106034366
2024-01-09,1512.865458893027,2009.8184438111523,1532.9684181382408,1266.0224780005406,127.81797062825879,120.01711688331318,658.1986489740176,94.36445849184976,16.10899190939647,6.076273726075733,7.392585568973932,65.09764013616146,0.8466247477365013,26148.43636396416,31169.91120343596,35207.69681282513,56291.3663626906
2024-01-10,1628.0849080092123,2015.1802213968704,1548.2185361222623,1309.7835940045413,125.87196144735034,124.94865316292982,607.3611741764967,94.53147077632383,16.46494155408962,5.6668216847662825,4.145644091492793,65.58247606859243,0.8808338100535408,26329.06377778794,31442.010058203487,35464.48833594513,56283.199630371884
2024-01-11,1623.4208590024748,2109.461042482194,1578.8537416373765,1295.1780559061856,133.5523849810297,127.30569188359264,638.3741583301467,93.42310207968978,16.058227064342194,7.634306844171155,6.939290638462918,65.87033130961647,0.8631260156191296,26130.179704437178,31505.307539142064,36468.12906596745,58779.82472967901
2024-01-12,1597.2844827357926,2192.5321317310886,1546.755176966197,1249.4772026214418,133.57546798760143,123.3961818613971,639.0255310579519,93.82012079556749,16.255305753422896,4.967650797859735,4.047751203912232,67.64538013887247,0.8830568297783892,25845.818612575884,30801.55207704084,34853.20318549546,58639.69542890938
2024-01-13,1586.7014503511793,2255.7814568289186,1493.091704075555,1341.2152933847267,128.94372223640914,123.34774693179047,632.5500294410663,93.25417542349058,15.722329667906452,2.418266043298618,3.1711651879056983,65.86589215171843,0.8801292483733159,26740.614273330502,31927.81211507645,34803.93757826055,60480.262616908105
2024-01-14,1591.4643472109517,2032.5158413311233,1611.2367627535755,1364.4574741583704,131.5005136908354,121.37111161751577,628.7716953342028,95.40901213095219,14.519399476620912,7.119253149432301,7.529481902424974,64.42878031135693,0.8983527889497722,26756.67793545963,32137.144791449333,36208.153287795765,56708.66201568588
2024-01-15,1558.7517327619105,1949.833600667034,1636.2081870277652,1407.5931907250315,130.94048103261596,124.99390070625178,623.2315217945569,92.28671410141875,16.19839586599006,1.6699865876202835,3.78511560460102,69.95161965481137,0.8805710113530395,27124.323651566814,32556.096628762098,36666.465987117015,55634.476241494034
2024-01-16,1615.7585363218793,2184.661034976691,1537.787657137648,1278.8368236216413,127.28837195433404,129.26785439514734,600.60765486092,92.15371718284993,15.400075535721118,3.080450201006223,0.13684344174367613,66.25860911008523,0.8698872769131405,25940.015558257182,31266.009997282294,34952.88915023683,58605.915123654406
2024-01-17,1596.3805781411454,2279.3772155096513,1595.0954375127587,1244.0773465569257,129.9920525987428,123.64259973401013,623.9572810908185,92.29142099917951,16.85135321082569,3.7100100912776233,4.85641486716666,66.34306792802218,0.8725558743198395,25493.046186590993,30622.125167302784,35706.53140993807,60141.70595311068
2024-01-18,1560.2283325306048,2151.025972003198,1563.9742740864551,1385.9860094957558,127.3595229177723,126.54627332388036,619.4093784676962,90.8746930164334,15.139911345844295,6.1968029012577475,3.9090100364955447,64.86052506155218,0.8578177086876697,26459.744366029303,32760.868979854375,35669.72887650313,57922.5663036267
2024-01-19,1675.632532208731,2178.343147976802,1504.637325022404,1241.9636449721017,121.99601024661025,123.23724312037243,635.5526090332785,93.61109554092158,15.33422390084884,3.184399683449497,5.2845975649813655,67.10462536429917,0.8819255794416546,25712.12135409222,31112.62642487763,35341.09579764985,59236.60012240885
2024-01-20,1630.1618572338127,2224.689489355484,1604.4573293902533,1349.4015759052015,129.00266518099878,123.52733290080297,599.4001909384992,92.40556156602112,16.17658625572745,4.972578535769844,4.882273436314026,65.9046948929545,0.8789618044939492,26748.238684432694,31653.901994488686,35675.79130736223,59958.32887921607
2024-01-21,1618.8465235133178,2248.0008071137136,1598.695373945832,1354.1033973960034,127.55707398049609,123.30718431736575,624.3407274546175,94.91543209915707,15.751423103271987,8.788689539250507,1.9319354042008747,64.27755171419946,0.8811675167295168,26630.99146450721,31974.50265982174,36110.53693051101,59410.8232031505
2024-01-22,1523.5946985961052,2214.5530985786836,1728.3269907374831,1353.7065701759652,118.17950209657894,126.03112760779456,599.0766564165403,92.85812165674504,15.14443111205302,1.3677995161849876,4.383946766234507,67.7506467266118,0.8786127209885022,26601.917250655966,31692.511306874447,37109.110168226034,58381.99793882007
2024-01-23,1648.1310886169201,2303.867471578172,1689.0913318280652,1397.7892327049724,134.2031864633246,123.18011009081333,640.4544503419733,90.9318934948841,17.53502642206065,7.558128868144118,6.292191965501864,67.17381898903317,0.8460154893094088,27227.426958458094,32353.01587341682,37348.0153805492,60407.05876597897
2024-01-24,1548.8905528567814,2023.1077854140108,1577.064029563049,1320.310463640715,127.85304196525013,122.67849010175718,638.5386281579069,93.55621782339162,16.817850905455327,0.38442287367944306,5.8699134857441395,68.12220556130343,0.8866296388117005,26459.20665704494,31604.70980168777,35755.80169980126,56422.43133697791
2024-01-25,1714.5457748734334,2154.426412696431,1740.6242091633358,1291.355664079638,128.93313261527447,122.1393143360199,613.8525978396241,97.21659229772281,14.73289723654883,3.242556132199921,4.022262098866984,64.23211868405002,0.8513592647664923,25761.558408047822,31101.518038649712,37487.0413063639,58512.522457337975
2024-01-26,1638.7099661354673,2438.344960544197,1589.4131363199156,1286.3768931500351,121.3289860609569,125.37257153258396,650.0953400965835,91.60827225009785,15.441970908768596,5.294881498012668,3.1774304334165935,68.0328431170289,0.866283169198023,26267.287552883492,30909.80106454759,35910.47919974419,62443.26643827859
2024-01-27,1593.4607897500853,2337.921898155755,1728.0197481425314,1363.1853057909275,121.9049322447258,127.45429563637312,617.8915789125577,91.62853825935812,16.6093535422819,6.641846508549769,7.3290276569106645,66.03364989836699,0.9127278044261531,26716.765493550283,32073.49705898164,37221.83151930946,62150.99982108303
2024-01-28,1655.4022580150938,2184.8646246769763,1754.7076783904593,1336.4868600774978,128.39252189032956,126.13018038145006,635.991773797447,95.61738660006515,15.557715330808911,8.670824854093404,7.838727720965733,68.44222589127527,0.8847613664102909,26639.872378822256,31984.117680710417,37953.811478149,58853.69922999932
2024-01-29,1644.3798713555818,2299.541961491797,1595.3981106241645,1348.7013041133318,135.17739016742283,120.61776975291828,623.1838598301272,92.63274709393428,18.808440871579258,9.950146717153507,6.6179730459688635,66.9147518116102,0.8842056598385122,26497.808895919563,32410.241625856113,36178.42794413466,61268.30447028978
2024-01-30,1557.2614204838362,2181.994567432097,1558.4477930316928,1331.8829008380728,112.46700384192646,128.59826361661314,614.1077920917645,90.60592527399584,15.340986196713747,8.554076140807922,0.5221792280527335,67.88962800573205,0.8720677070426278,26347.18929536603,31344.404088370226,35748.94837317898,59153.2277416383
2024-01-31,1637.6419096688105,1904.2200106848022,1687.0041109594695,1353.8272944788332,131.29095037579933,125.24378682057632,662.1200709975492,91.32427239302363,18.834149016288574,6.424851828580126,5.507632008580275,66.37053430159614,0.862421102369751,26817.09432127956,32231.1230683165,36100.03147891949,55500.28094261102
2024-02-01,1606.6671905751991,2208.419839632177,1690.9520039552215,1392.8581472729347,129.00348905639453,123.64419329781495,634.0523002328624,92.96302053584407,16.045327566800882,1.4856565483716944,3.336437131076763,66.21967354852198,0.9009828519595603,27506.10317793408,32510.798567281487,36828.94625949454,59679.43411672231
2024-02-02,1677.7753245271965,2058.206843702536,1669.474968802584,1291.1957274589083,119.05781257020021,123.55959765205031,639.4187077483837,90.85533097592916,17.89931174405034,7.07528982860481,2.133074150670036,68.68575438344313,0.8625363618249735,26094.119158504127,31395.768007819926,37051.28325493964,57214.642847229065
2024-02-03,1625.5269502075384,2119.4837019089414,1645.3053983295824,1387.276311750847,132.32652053793117,118.625839910523,614.2130123408207,92.86951033926623,17.612914438892474,3.7537408508726178,2.7610987987190585,66.59796472188302,0.8956513043631256,26791.394117100463,32104.78013936893,35702.74419166121,57895.532826317816
2024-02-04,1664.612476383564,1982.5573556784914,1698.0986520400163,1350.240836806605,123.85659159217172,126.06457586694204,616.3096635990897,92.52668732955631,15.685130078612225,0.26204975729822166,5.130807668906536,64.19532103987012,0.888903232909867,26311.829069606585,31691.703255424403,36639.18519793556,55490.40311161369
2024-02-05,1667.7086118588584,2161.267120806666,1522.1491021646839,1248.3413365670829,119.0453173299337,130.88459978642487,632.8201793643351,98.00343675727385,15.174800850604418,2.5291587702244267,7.361853096366255,65.57426847036339,0.8857721128495989,25730.334537268092,30795.77570168266,35145.443824728616,58053.34195374394
2024-02-06,1571.0348595735068,2154.8549272456953,1723.7406918009383,1325.343464199289,123.72182723967173,129.66568330428183,627.4265235013636,97.05254472692633,17.67225039653936,4.24974289599972,6.508393386573701,69.56817213069812,0.8552339842685486,26602.564500293433,31756.772133114133,37582.49180492622,58993.19586882232
2024-02-07,1661.8927637446131,2137.4793112268917,1652.1778003933055,1263.313037091926,134.01266572772732,128.3668373580306,620.1952925326578,96.2299316134086,16.232409561271414,8.616070475696926,1.0281085954938032,67.8608189843629,0.8707674124878659,25724.050291557956,31129.68484174922,36871.94391670331,57957.57291547307
2024-02-08,1685.7763709931735,2371.200010662337,1714.8442751303908,1324.7833265907366,128.79026303123013,121.95805387632454,650.3293171065899,92.3499594428878,15.238313126372418,3.938143333970042,6.457877964917335,64.73713062708998,0.8908076204677884,26076.274199304593,31349.773393647698,37555.12124031615,62553.07623034707
2024-02-09,1551.4005269261277,2169.2090532623442,1688.3063533524064,1299.4088795860173,131.30925421476644,134.85544743036436,636.5579192545698,92.51591936059232,16.341432044119188,2.9067604343866895,5.0707341473667915,70.93593147012194,0.847974483035969,26152.96641660536,31154.015939701087,37347.861287385385,58979.22114029199
2024-02-10,1643.220765393769,2083.8973837688864,1710.4331153850842,1338.2094948965546,119.46952002524512,125.5256454020284,615.9624696021458,95.56061029349802,17.199993815512965,8.275238860982174,6.643935028447979,68.66442907907185,0.8801921085929708,26498.283623409458,31699.420162947183,36679.26194098501,57519.151330725006
2024-02-11,1666.947263883491,2121.0402166315994,1643.7343587048128,1348.4408511990437,122.223832351688,122.76860076961782,651.5609691353228,92.72372337402803,17.817521739664002,6.33919023956099,0.329692681429429,67.3278549278064,0.8444383042917414,26591.05243109337,32321.758166173433,36232.07804307893,58270.970970023904
2024-02-12,1576.688068325533,2377.8660635939646,1599.5225956892982,1407.5919860149643,122.3254880040616,121.43540986558688,638.5904378694564,93.4022718358902,15.500592182043341,0.9585756293461045,0.8019330545169856,67.49901402228494,0.8922932356352827,27317.159143463832,32536.56995328539,35735.86030049727,61617.63294682116
2024-02-13,1631.8223442599663,2185.4499750485666,1644.7431926063152,1200.0259896662888,135.71867554337717,126.64696028336608,625.1946391337896,93.6994470529452,15.796922121174815,6.026900930304454,3.749776089117918,65.74502913313972,0.9066882170262114,25422.332661638124,30166.853670520242,36832.9286540867,59035.40812146899
2024-02-14,1528.7374278288794,2170.5525792148082,1462.8186349673738,1415.6646674522397,129.11226371756982,129.5550789416151,646.9021092427959,92.4022606714183,16.498892366532424,4.5424759173107425,2.382861930744472,69.11438290486045,0.8672056773887017,27327.99874365717,32796.858011937096,34976.82680752378,58768.167911502314
2024-02-15,1634.3575734173312,2226.0011014599036,1843.3999529320536,1446.4840116639932,126.78830166296619,126.60164929090566,609.7170792888895,93.49697955147491,18.040192896139928,8.393319562254932,4.253972024273138,67.22984143764981,0.8931223473044481,27338.007573114806,33057.27464257758,38391.796942841174,59432.63761766422
2024-02-16,1637.3627310981628,2054.5429891219546,1752.890863088473,1341.9547390943235,130.90578922419013,131.25168183229707,616.0339323476279,95.74457243409896,16.883181455612398,6.965598826967772,3.8904450761387803,67.7512499125935,0.888424433995714,26810.334744545617,31569.817511707657,37994.011618798664,57229.812690942745
2024-02-17,1645.2320163069828,2040.600217113013,1578.4785573091026,1412.4766941492676,124.78471761278598,119.20617579468879,624.116006158507,93.68121084644837,17.242929170107875,8.931721528872536,4.381190205725942,66.46884173235729,0.8694506184444235,27486.891641200848,32488.444769106132,36072.37319416504,57207.60689738755
2024-02-18,1644.5198180060906,2243.2280897190317,1548.5161799246498,1341.0639946051258,128.94901204090948,130.6267310977312,647.8568202426667,93.72039582996776,14.529122353888088,1.7399451335906857,1.37224867301454,67.91838277687316,0.8680629068916588,26842.473564154945,32043.481139546126,36570.420302644736,60328.540794229164
2024-02-19,1598.078377783143,2165.8491517663942,1534.5591558234512,1374.9188895351672,120.97282547388964,125.61267648099164,626.0269341729618,92.11065133933235,17.19023611211522,7.524701537987356,2.8816433310743257,69.16564148129649,0.8871275294065273,26895.454084188932,32409.54435848926,35397.33762570507,58824.04418653805
2024-02-20,1690.3789407267013,1911.987393536628,1680.9516524379358,1328.510445941973,121.91772980678586,134.49563389768585,621.000819165794,94.1942147518519,17.996221112708128,2.6746290281631477,2.106841282140535,65.85799160333245,0.9026406448683507,26078.98034477641,31800.06013501033,36899.76450334592,54709.97568633411
2024-02-21,1571.555441713874,2368.789140893932,1671.7423024917648,1324.1085734156557,122.94499349554047,120.71979887932126,612.8931686779705,92.89379991437718,17.674951194345514,1.0078314162175939,7.461099578944149,68.66274075555384,0.8776444341742785,26152.785975420036,31358.997852854813,36782.28249788428,61560.248459343566
2024-02-22,1605.2004427312652,2044.4567242339363,1793.368320268171,1273.058907849366,136.86990722492462,123.14426942789419,630.0076161963796,96.76658243633776,16.989135999057748,2.343983621955561,3.252714790525137,64.45228529881497,0.8760311392147261,25921.59730601894,31286.3528854258,37878.007870176116,57088.60305140411
2024-02-23,1681.350849191643,2256.0899174062442,1588.6689545715662,1271.726442342755,126.91849141779075,124.27153686019562,628.070096321622,94.64986017834187,17.410590774052206,6.249962369344093,5.19086590480506,66.73703001698581,0.8642734302407423,26124.830474869883,30956.06266688443,35705.59307438017,60341.164359440794
2024-02-24,1692.0335776029513,2222.0695409621335,1746.2897115860624,1167.7090595856662,138.8413876067454,126.61610225234602,656.2649750348918,96.13627140556913,14.952445529962873,9.563232826383363,7.293836047634476,64.21499721469571,0.8740117681881542,25130.495793044043,30025.72248046943,37977.22305820531,60334.0265493848
2024-02-25,1737.942258966376,2154.911040880709,1692.9661810402567,1339.438136830984,124.79370501210171,122.58414236967627,641.8206616054472,96.62755054451158,16.014592868773143,5.350667620031774,1.4117739809037673,66.66913593164803,0.8909274786653918,26660.123154133402,31685.89700701464,36982.093131961126,57882.45913281256
2024-02-26,1626.0178482395188,2169.117435674049,1760.994101418136,1328.7273119262277,129.13520542597138,121.82619301389104,614.364091294997,93.40728839594773,15.912745227131545,2.8362039990722856,4.8691278226373615,67.99115719167769,0.8998923827947503,26522.587737034384,31831.592603554327,37813.686166886764,58637.13269747306
2024-02-27,1711.6617014170115,2092.0188796723646,1673.302238397901,1232.0781818104242,132.88134598766175,129.66447046494616,612.8280250244753,91.16441105729002,17.121402734498872,8.247692871058172,5.713042559529136,67.20135628060869,0.8804088328892452,25661.950165225342,29943.834027209843,36544.21480755063,57672.56638170422
2024-02-28,1601.4686723894392,2108.5225587641385,1564.5978586690483,1357.6405817427872,128.39240789248262,122.61234707212833,633.5253053686162,95.3935509244747,15.772879218849143,5.465909499952178,4.169062175560995,68.65843889831197,0.9035031520916619,26659.513186484834,32133.13086360527,35555.43783090109,57929.94498606994
2024-02-29,1587.7455979932142,2033.0489862512352,1624.5104776591659,1390.7180321937026,131.9470936934882,128.7859163008956,644.7805525476731,91.86855552834648,16.931660723289927,1.3079219605582248,3.4656600085650338,68.77615701201113,0.888124925375707,26939.303429265638,32614.27147978111,36575.847538543334,57607.268084837735
2024-03-01,1726.0962608481134,2003.2601048177273,1705.537123455623,1207.937916098008,132.95367143657623,122.03098771789388,647.683675950496,92.29233061418421,16.522658106272704,7.237251627945308,1.2026900861932042,67.51741545272516,0.8867549104610407,25413.237580506655,29991.210477511093,37655.246345652915,55994.367899258534
2024-03-02,1571.3928118715637,2153.860569866105,1615.7857633658066,1305.7028834648452,129.15019338008182,125.43083564787953,631.1990215740366,93.56879396698608,17.218418372475384,4.298615845772638,5.96768365360665,68.30430978464508,0.9127936749409018,26279.29478172318,31498.26043774448,35946.28262793235,58185.990163968476
2024-03-03,1607.3606176180735,2124.47200930321,1723.5242183509904,1248.107586403855,135.7807168282992,123.83208404944622,610.4246893566901,92.52840364463326,17.31401236898801,4.103670486047309,5.341424123414278,68.41986311312405,0.9116352683109216,25569.695343057952,30501.691780103803,37126.96703049268,58001.52421333941
2024-03-04,1633.283622083542,2165.082644267532,1558.4259072044463,1317.2931947706577,130.58950169694913,127.50314452442105,623.1295633507617,95.79244524751763,15.938440981556202,5.455299187855425,5.297041884330562,68.0506104537029,0.8720587563131729,26361.552969940032,31919.88571370633,35374.043355314025,58678.74870871168
2024-03-05,1648.4071405847483,2406.6238071890934,1630.0691291358073,1320.6676800693103,131.56677610787776,130.36366151856518,626.71782453817,95.41003876492613,17.76182998513653,4.346382678615365,0.9215759648863164,68.75337478976395,0.8915216940515118,26716.292705091233,31398.904041359958,36356.03884129116,62560.875836193445
2024-03-06,1623.2720060548163,2141.0212662007348,1821.7186993982734,1307.6670595042258,128.29815943850795,118.96097429347195,622.0099361722637,90.86900591826105,17.712938639792224,3.346025889464145,6.287949633320193,66.75639138247965,0.9115751921195097,25674.686113126125,31418.64567716704,38289.025526736776,58860.71720175716
2024-03-07,1619.6677910519402,2202.9249279404717,1689.021083149589,1179.4365183399057,124.39474353460989,122.61606205212621,614.0402516197709,96.00078785356499,16.313512428984822,6.325008423442107,2.3453782954046423,71.41040934378476,0.8893712931253093,24935.567823686226,29672.155910267593,37100.21057247075,59174.627383365805
2024-03-08,1652.507554001769,2120.5495546292495,1732.9246623154552,1281.7027453724277,127.53760737256269,127.8724632579755,631.1208627733193,93.26452240792985,18.378751949706764,6.355141862018502,1.4564992594825865,65.03563283342339,0.8888491876921238,25814.649638359584,30802.510416685807,37012.15817884676,57683.29107825826
2024-03-09,1634.1733372985925,2403.3298727164038,1734.1938397027882,1283.1233368093658,125.13774331548281,125.4672595006534,624.3220699789838,92.07484029638468,16.34956727865863,2.673652481598058,4.045998143243358,68.45745406369105,0.8904426029210479,26173.44595435035,31178.465031603962,37685.431378315516,62982.79882527211
2024-03-10,1680.5410508740629,2293.8970543159626,1707.9692508117635,1235.4123024449607,132.01794938368147,128.32229594345534,630.500983257131,89.62590873171081,18.074909605264345,1.471492761184221,4.246924007469518,63.17638336557086,0.8832350754227153,25563.747099656666,30361.845319338307,37432.042385320165,60803.31479963224
2024-03-11,1556.9387068803635,2309.911271382049,1540.412231831731,1355.054169656251,132.84039180620073,130.1636573011805,612.2401498700026,94.18410856123894,16.77418030501266,1.6836261514594009,3.5117238770673547,69.55652140334158,0.8578666516256375,26903.520056803925,31739.529708000704,35341.63412260651,60907.43896221229
2024-03-12,1633.800976099012,2212.425353730788,1568.5768840885037,1288.1496042509243,139.06931591432362,124.99516459886541,642.5766337769087,97.0766828884618,17.521655203614678,7.108845625293726,2.365332346510634,66.36333321276274,0.8811685366370261,26258.25485412619,31189.33274793511,36044.35398644332,59375.306386134915
2024-03-13,1740.5768868650155,2298.51116269706,1812.9003110063272,1315.278827132892,131.29664421640146,118.8930417882616,629.2262985343086,94.07127505453177,18.667765431979888,8.75401568857089,1.6095584929855615,68.4862819029999,0.8719682194421768,26210.68150530586,31648.16433091432,37869.304041977055,60652.52044369716
2024-03-14,1664.2233614408078,2109.833678943494,1651.2276827464507,1178.3719726284558,129.23151445613422,125.862154976792,632.3245040031836,93.3524020227447,17.245168384027785,4.824179444047983,5.534068854689289,67.92825422028199,0.8769279296191517,24721.431491975665,30275.68341927259,36705.35816152156,58745.34891737793
2024-03-15,1604.452381936445,2075.9307401678752,1660.788431046361,1381.4015078038422,133.14458492340538,123.40698225812982,642.7638296260651,97.09166408479783,16.244250248125063,7.563012029901798,4.516583129917615,63.45803824865126,0.9093009466501781,26698.907708914216,32328.57930011715,37231.7016209207,57777.52623923617
2024-03-16,1603.274801204961,2116.3224246763807,1723.014986600536,1308.8044278807724,135.64989863474946,126.28869109514321,634.9352616799258,91.22891203280524,17.382597701119877,5.259810396991524,2.2300733840415736,67.36084382623542,0.9101735071000564,26238.738671747997,31037.32914508904,37401.64758361302,57269.385647082985
2024-03-17,1658.0559631660037,2054.9926890392057,1668.751815057581,1386.0739870727023,124.23594783758632,130.55880410810352,636.0207277221771,97.836997966646,15.786777652022309,6.267634037059876,0.3050314170120805,66.42830638369843,0.9034767645504554,26892.17051065286,32226.484397769455,37014.28065239684,56999.06429839624
2024-03-18,1815.7427975859184,2179.1834797586716,1465.9249574364871,1287.6582910877457,130.6389903597355,124.3684568010119,612.1146140597804,96.73669888328662,14.636383943385834,6.6897488499037205,7.67345911975189,66.80737634865044,0.8849861254281743,25797.70037382464,31057.627790392453,34790.29041184279,58826.34021173949
2024-03-19,1735.693914564261,2117.0204527604988,1563.7544340131315,1277.2564839417028,132.8002759740596,125.86732797821477,622.8683889050477,97.2160224292456,16.4130752018395,9.157290590649596,0.9235192086584938,70.65703985070492,0.9015557923762142,25572.457557702903,30575.764842298602,35370.808970594146,57217.15628499004
2024-03-20,1581.7811589456999,2182.3824411402557,1597.613318043303,1268.2456568422276,123.1569257575789,122.4784517242512,621.793420138599,92.95403235025111,15.894422586924904,9.30275341462946,3.6918541189655736,70.18441501475822,0.9135930940484789,25875.45040443602,30856.37078852454,36055.091558807995,59369.05118792127
2024-03-21,1672.473649772693,2100.2390157339773,1547.2033981861998,1322.185624353222,128.98377762454703,127.59369576535495,622.610965784504,96.98135535378039,16.504320936565197,9.576071105594137,3.9584651081340807,67.25665653331895,0.8942630923152046,26411.369545726888,31489.84794014971,36136.11245570501,57266.93489434569
2024-03-22,1605.8567177926896,2228.8501426420344,1665.9102499149299,1375.2881258156806,133.2326496153858,127.02865575470753,636.4879329766616,93.85871679307161,16.918017136962344,9.037514107181897,1.726966043994186,65.37477798809354,0.8928806378271961,26682.772441957106,32311.72977176688,36984.753573362425,60052.27392264662
2024-03-23,1644.32306306544,2352.0409315237243,1681.5431938340844,1232.6492432735643,131.98965667423818,128.21298501478282,629.2741964979406,92.0462216323359,15.209813168786091,9.672914426028866,4.591754000396264,71.96915045408208,0.8834014458490169,25502.12159929466,30495.125650306836,36878.30944785116,60681.60769275526
2024-03-24,1679.7979310369856,2136.961611925988,1646.2872712672138,1287.5483355313208,130.94760859755021,130.2228068591629,623.4109589064409,92.70829490932415,15.102317190333906,3.338730754022775,5.810742186457964,66.92663389204739,0.9238965508756126,25920.804963156366,30849.163181427506,36479.488388655955,58181.14756586859
2024-03-25,1665.6161692356927,2252.639611095805,1643.5073198510836,1227.32617102771,129.92313504474092,123.36821454825557,618.3206900204211,97.3062561449567,16.264660212434137,2.2714453169021773,0.1299457470678913,71.2954027714741,0.8920416979718546,25517.154135777473,30544.916119673333,36252.50420973068,60152.63068020081
2024-03-26,1534.9094845754905,2225.6114328738768,1709.8337606861785,1344.5826291704561,132.90966809135747,131.6649739336324,618.6469165554043,92.55534204199513,16.975565707142103,0.699909352290975,1.1690456542046013,66.44210398441392,0.8965051094432827,26462.06332636771,31548.72145457439,37367.10968441402,59173.91491302118
2024-03-27,1611.5456675279038,2159.1719914531473,1783.756172201571,1358.830565681039,128.2420145423933,121.7099595943931,603.1214783430358,92.99706113297219,17.2361805280843,2.1280399364647606,4.2254838646193935,67.06815612110358,0.8636464451870296,26228.9198860525,32186.06009483259,37532.96312794854,58383.30252613169
2024-03-28,1565.735285303609,2053.90471180065,1706.0498678912165,1324.3636834488243,131.9872918373982,121.60265384293652,627.4182913017038,93.5119798723494,17.158091042850206,0.6996293270248988,1.1464379618524179,67.85543204484283,0.9158003161966054,26227.850123796536,31996.351882186937,37142.82402135266,56729.64209536856
2024-03-29,1636.4878713927967,2274.6891121806325,1451.4877476327097,1337.6999048194039,128.71863630039115,122.57108940392682,649.0088690070261,93.48766162537835,17.068655600090228,5.915535894252394,2.915786213927487,66.9051352969854,0.8935879707909382,26513.280219087304,31876.30492095714,34978.28355312625,60130.004419648576
2024-03-30,1667.3860265209028,2242.924898285997,1550.728494833772,1254.220254263887,128.4698317262205,128.55508256101217,643.4623186508493,91.55879441507282,16.157363010389606,2.071617296078101,1.3046027471464114,67.40262307132302,0.8657738259345928,25671.31417503782,30572.79583265513,36200.17051751842,60394.23972958192
2024-03-31,1549.0189780416645,2513.0825152787443,1439.603359890116,1387.1143879930942,126.0556150829612,127.62055560100855,600.8885724778736,95.63182459122909,15.735944678768982,1.3330674115449248,5.209568830025259,67.62382922595845,0.8973467476070504,27127.099345107315,31990.539125580373,34035.14346337478,63729.10540302296
2024-04-01,1619.0320472318813,2154.9202168271245,1636.3458272243886,1148.6754445657496,126.71671043713648,129.59717929442616,608.7624980671749,92.77099211688318,16.617218467937235,4.876578938652516,1.8356142205374715,64.42970432860236,0.8827532344877355,24490.760876046417,29042.01122690206,36305.1232212461,58379.48932736076
2024-04-02,1590.6777514216767,2216.343777893878,1623.4069706845994,1235.0894282570064,126.41384048603923,127.12514381013561,628.0451283391479,90.53423500642087,17.45685788930051,2.848269953225959,3.5468101292800487,68.5108494391644,0.9057519802511479,25744.280327229368,30271.277888320627,36408.3119176575,60160.17096438178
2024-04-03,1671.6924757581771,2136.4941112653655,1532.0042182179154,1287.7057241410466,131.77607684631963,134.32574969041215,612.8064890447158,94.17417765496697,16.875005965309985,8.016783221643507,3.811224010515235,67.54772484525022,0.8898260341947484,25935.65979545852,30537.726973555084,34695.51512560296,58208.737128833505
2024-04-04,1651.1408734137192,2071.6575938444535,1541.7866808445683,1339.1512836373022,123.17191044340422,126.50696788728291,632.4827392760382,94.16924340762955,16.157982565574137,5.977675061798525,7.021761613911589,68.23914774811325,0.8918010565252252,26720.389410018204,31799.00834043565,35712.72401307961,57058.3515362249
2024-04-05,1622.3739077490218,2120.7684981971433,1545.248223105459,1253.771008249975,131.4397805594556,126.4377282572527,638.4041257017478,95.22454705342854,17.656249811008472,9.334546471510826,6.941806757195107,66.3677525405881,0.8873866384732367,25855.53851842239,30784.950933420587,35357.06076677856,58948.92012682099
2024-04-06,1651.2899705419145,2190.239487083794,1690.005395105496,1240.5872753234712,130.92283860099278,126.8820026976657,611.4044349084439,94.38671329728658,16.411688586095213,5.298685049762653,5.130125046256603,71.09506572394186,0.9156242422584492,25363.729953361082,30725.81835305979,36706.18949750402,59486.76528224959
2024-04-07,1661.6450825472446,2139.4830576287122,1580.3828204023969,1224.735943723476,133.53130869481993,124.39861807537983,627.4559340694719,96.0591452666385,16.116627375048424,3.22263024839386,0.6729395766030368,69.88764494777003,0.8921764140578848,25577.553378411976,29980.04803455224,35972.1732352039,58679.304436294595
2024-04-08,1681.346777925031,2243.6526564206188,1631.5631421935013,1274.1171465854597,120.66869245188451,119.84148595477997,635.473226091311,97.82908845992544,15.439256022271802,5.786058635047392,6.988468381962916,65.90019472457391,0.8970908011934199,25903.85374759746,30847.76556011853,36206.30150333606,60186.74772781132
2024-04-09,1581.9755399819187,1996.7953532654344,1621.8451462846126,1348.4008445886495,135.6926220012096,121.83641010683839,652.8075654481703,91.08606066161583,15.03201378249852,7.793939268004183,2.0176236342350764,67.79935407888304,0.8860039139310247,26838.75048125489,32296.062929021962,36595.04202144898,55957.95255210976
2024-04-10,1611.301631243216,2116.458543894007,1792.8803152326104,1233.685285683959,133.14855337452465,126.13649590379309,624.3595359377804,96.00102051883817,15.529008191120418,2.8726325083932602,2.4957564289984955,67.552491704891,0.9098636049587364,25544.88722827479,30767.142969125664,38123.66465991916,57977.51154078344
2024-04-11,1684.6601728940136,2254.337036666628,1538.5746903769561,1264.65859267997,123.71180809399804,129.01175701675865,628.7270349889898,95.81365497409635,15.644167000907478,5.428784176672935,1.8446277250521144,71.19384149231198,0.888793748632425,25644.273046238308,30801.46705419814,35209.25106477775,60203.46332321152
2024-04-12,1627.5944556225081,2229.6085726832025,1729.5502804396208,1245.3785729613357,130.67925948643028,121.23939410534405,624.8666863109886,95.22875344852072,15.888848682381951,7.329478094329323,2.529299030203452,66.20284658047693,0.9084945664581825,25189.15098922151,30711.95886529833,37485.10481903958,60002.81258115848
2024-04-13,1497.480249655346,2227.1368106248697,1454.8689280191018,1190.4658576294262,126.28874405509337,127.76600083218484,633.8699570666043,91.69219734109372,18.49911708232409,8.798691292767872,6.557411523150278,70.07810720050784,0.8994564147525581,25095.338128836596,29761.14553644924,34461.31334154151,60245.17203257868
2024-04-14,1626.9300061426002,2081.593296906229,1678.7488891065295,1159.8914479486905,124.14016218012279,126.15231317905929,656.4659206868166,94.61957189244542,17.122665223618807,2.3632367542222243,7.571884455821753,67.00725826471356,0.899259602479011,24664.200676403063,29799.502024738315,36833.55021148574,57126.70274428586
2024-04-15,1568.8851869108769,2179.6085987361603,1555.9067066479665,1404.414514434269,132.37804038317395,128.53497918955634,636.2771820292629,96.79944998659349,18.314020203005636,6.735397843656341,5.704150817265561,68.95569142535749,0.8879350490480937,27345.459588721125,32294.0773825443,35760.29928908462,58698.64467171395
2024-04-16,1571.8263690377375,2159.0196870744694,1743.7182909876879,1206.4679897534468,126.54279917545543,128.8379942149412,633.9790315768348,97.12414136327676,16.40977315983212,7.916588652080243,4.350371969728739,65.59708596713695,0.9286254120460327,25220.71653974331,30569.57351670941,37793.59664100962,58501.55034371332
2024-04-17,1557.389525340846,2187.380986813018,1630.7326111942357,1378.2574871503916,132.793434558021,131.92688913727142,635.2856055755394,92.78741017283843,15.611511819173401,6.869384845060936,5.789722563252457,68.65938277711719,0.8660464124998178,27234.88621787866,32697.323893529974,36232.96851194532,59698.97502906971
2024-04-18,1617.4453857395283,2012.112958260682,1638.7743449964614,1224.8122127270406,128.4846410138595,124.72475415341049,626.7686928893006,91.70987596993007,16.231801457481914,1.526019700443152,6.969528676990263,66.16508476484876,0.9161334009159097,25063.215746600854,30334.648679703194,36353.19401585798,56586.94180713827
2024-04-19,1570.6856970109218,2103.0885165040254,1695.6837369261996,1221.015827135798,137.9469712005019,126.9388182029526,672.2300845520233,94.4474956213071,16.54835984174891,1.3068388660098862,1.309571110709216,68.7836405527591,0.9075971669868937,25639.617079450036,30305.136036679283,37410.09178957289,58108.42239222316
2024-04-20,1573.567119940372,2074.8266343303385,1591.5866119945533,1266.720850477482,124.69956768601737,128.4784638606877,649.255763927673,92.53665791366359,16.61678045233427,8.634918986808056,6.558878285002579,70.17943649513144,0.897292256630653,26052.379629600982,30770.410841884503,36361.82136618527,57905.8965763665
2024-04-21,1609.3649393600733,2205.1655638621132,1563.7490369554516,1205.9457795858684,124.02819897070366,125.87429916618997,639.2175754227887,91.85602449650766,15.137254687826925,8.93343889111162,4.264651542439598,71.15340113675514,0.9284072526219014,25270.884514101537,29906.60839528623,35618.81397030744,58883.78624704477
2024-04-22,1640.6950089600334,2200.065160926444,1526.928837641466,1268.5056296516746,132.30348774364168,127.15578229199679,630.7070296854642,95.356287886045,17.269989418648404,9.57934725180359,5.547562047846701,69.91906633955382,0.9021516817948267,25789.24857085126,31193.31631403913,35200.64541310882,59315.01751128388
2024-04-23,1648.6388482957127,2244.768624444351,1578.7911542902636,1226.2280147120448,125.75764417968377,126.1546070663925,654.507119905004,93.48441746913187,17.37358471536701,8.481357487221725,7.829642045098463,68.87101585797402,0.8886992245746234,25479.550524028757,30494.804596258447,36272.93955909793,60463.8304720592
2024-04-24,1576.9654223008972,2212.1756594719086,1427.3027627510157,1313.0226089131888,122.83900620913973,128.16009034276436,595.2220900882215,92.98393673030331,18.115298411079166,7.553137019639053,2.0147592698610897,68.25423870903856,0.8931795385608936,26010.991161261754,32068.80222446517,33767.00053944408,59617.072970800546
2024-04-25,1635.5495288411848,2106.325734183075,1552.571187722373,1209.3056888440212,126.33886769671356,119.76959089860814,622.0371149980474,95.70263301460578,17.183951514824642,2.442186475231437,2.2611357172187363,65.19518798348012,0.8876102192619129,25371.273015713297,30405.80672457547,35265.549157473884,57305.74584214923
2024-04-26,1562.2903119486523,2101.173188647123,1452.3811833926254,1209.7927966954146,125.03476840441463,135.3263975012311,634.003976068674,92.99207321355158,14.963959455818502,5.592216407528819,0.7640379944484614,67.80894333863282,0.881665552320717,25602.90311271479,30339.42106832788,34890.11788448796,58236.730616404115
2024-04-27,1613.7370121819467,2203.546214151181,1556.1490354980392,1203.8935537058744,128.2598830169698,128.0595729425521,649.263223970748,93.60156540658375,16.56978093389544,7.963549585190029,3.5162586642666414,69.40408995485028,0.8886111807015092,25405.286823442686,30401.196244832317,35693.987198522715,58878.08168784503
2024-04-28,1537.2204636901245,2180.6688570629813,1612.604594187514,1241.347398917322,127.88175931935066,126.45501073847264,633.2179441467953,94.04037173631119,14.497782204679691,4.9523512622782615,4.543078352420079,69.86846770428546,0.8654898610854355,25746.18865337178,30436.216116929732,36174.408665930634,58689.963446313726
2024-04-29,1547.304040266849,1936.1143246324164,1589.7409225574568,1308.8705071422964,128.85733470851645,131.5982647292113,638.6601398594798,92.59300157002797,15.153746086465489,9.318231175001483,3.415237938011283,69.76525819810955,0.8887792485707208,26122.178521294965,31420.72732609474,35697.06215531457,55102.05879772654
2024-04-30,1554.575723516392,2029.5785152414182,1478.1284226736163,1285.665279389964,125.43346157850225,131.64215190557113,651.2788770142405,94.4117148127046,18.022655413138306,4.338672648657629,0.873261875785496,69.95603275468862,0.9063037260587267,26357.982883892553,31440.577116634748,35218.33919623142,57333.683793044256
2024-05-01,1647.7655803966998,2257.8170255705622,1639.4533003651989,1299.5803608906583,131.71489508477742,129.85830542924163,648.4801922061447,93.18705923712263,15.48935317344873,8.680813981293754,3.323461170112595,65.66491105964808,0.8562066827700691,26437.234194903882,31251.30872342693,36959.86005203465,60051.952744244125
2024-05-02,1545.2248350539546,2045.407717373756,1640.6811406892398,1282.1796922914962,128.94189168405924,129.22440795440718,635.6021909059743,91.53948805476361,18.043636360158413,5.83012850825968,2.9612852492877293,69.20302929084038,0.8794888110231608,25687.052139643758,31321.50566542003,36803.01825770473,57167.41654646468
2024-05-03,1615.657613910165,2054.4398582942868,1559.3340372767416,1293.8462696745914,123.0821645550259,126.3520602968702,607.3316140740536,92.80615262818388,16.759048590744953,9.381867882249185,7.596259778009668,68.30523643952944,0.8971748821708964,26030.16675750766,31451.698754380028,35708.80722275038,57126.00911871139
2024-05-04,1628.885194320226,2013.8062808682814,1561.9776163693891,1155.7443417456436,128.00165504937758,128.5848116343109,671.645910771106,88.20414508073455,17.04178538964674,1.2990858070534417,1.5508728019436964,66.32144071250104,0.9106908565857293,24838.69773432301,29510.757488700947,35538.96072899874,56724.23847245838
2024-05-05,1551.3798929527788,2095.6005104215405,1508.4267157883337,1180.7517765683147,131.3900993236669,129.61273847432676,632.3900450431005,96.23309080430849,15.646735862165166,2.4835366445900977,4.253854440408987,68.7777557299727,0.9195554749852758,24971.35868817043,29929.59100536585,35053.64805115228,57707.41964996198
2024-05-06,1516.5853004516603,1987.285299788367,1381.158220003906,1225.072230648335,128.5484128142703,129.51272339012928,643.7015424864013,91.78188739253123,17.16814892775576,9.128698067103157,1.743949099373248,67.77228375656017,0.8992381488156005,25895.323675113425,30786.98478227351,33570.32873002011,57218.83463998209
2024-05-07,1487.828827736271,2120.0051832921436,1531.8220388127065,1290.2441183943035,130.81511615357016,120.93407203069067,665.8528338925506,92.90701478094881,15.34094512015725,0.48437082108511165,7.662621384842653,70.06418233098985,0.8773884529748334,26477.617439574828,31469.559793751698,35669.94057977604,57802.51423262811
2024-05-08,1532.405555544587,2073.5511537375633,1494.0832500583697,1286.4279350088962,134.96756224488075,123.40098733830938,633.7728183230342,95.8095099075781,17.376518349556132,3.9903454569160113,5.8496026098822025,68.59216454439671,0.8677260148870801,26291.7428832242,31235.58593481041,35104.72118190209,57437.425562959404
2024-05-09,1496.0950378493837,2097.4348077877303,1625.3722277418344,1262.7981063518944,127.00251694332133,132.59067424256187,651.7510835959063,95.10803364557569,17.03455219013765,2.4637423990710996,7.303011278781543,70.59526685842562,0.8738155897426558,26017.38158783167,31307.517665704705,36242.811225055884,58031.53948524911
2024-05-10,1523.9646726757578,2205.206158841708,1546.88129882746,1241.1188543496146,130.53520967576853,135.66279404959312,637.494262749411,96.34894589716559,17.258934009437297,4.400977612287399,3.333051008259333,68.77606006583683,0.8891418957642272,25408.966512669132,30802.218036928098,35834.76882971493,59189.618308799196
2024-05-11,1630.0909087571201,2029.658960809791,1599.148665123024,1285.8312020423732,124.01779264304585,130.84583677167436,645.7778623719821,94.98484637371871,16.05595379246649,2.471508636675094,1.0541859188922738,67.3571026801514,0.8825749222599342,25914.360692607184,31437.131136229626,36345.73175981009,56999.65759894058
2024-05-12,1590.4181073765762,2068.039281002284,1589.672913274486,1175.713510212798,120.50357122984815,120.77737809737182,639.2709389788868,94.90158914679127,14.80697288139184,9.396091495205086,4.325709099674138,71.87181243910682,0.9033819128856762,24804.301469244343,30145.17955152018,36054.27900866342,57723.80095433753
2024-05-13,1643.071185878654,1972.9526410812339,1486.818218976911,1169.7607958589533,135.75314680593857,128.04491748331938,632.140307654915,91.4303389776436,17.23633034483336,9.252265801161682,7.901671842486918,69.4327729724242,0.9004118255889793,24610.034810918423,29615.596988494093,34371.66838331469,56000.82085241154
2024-05-14,1585.6707612412777,2040.816240807555,1522.5414495548696,1218.7124683822085,126.03088685676576,125.88370161870304,632.1801368026457,96.18323053727987,17.281785243926322,9.4809980688838,1.256698871267286,72.2030630830922,0.8595198077418064,25119.08925006708,30505.571825848707,35188.56350401596,57514.9298410496
2024-05-15,1560.518223326747,2203.6799415286364,1538.5348754254853,1237.7530477646076,122.63516904501952,125.14373175220908,620.5683283034648,96.32909209550752,17.44561898481394,7.223831013239861,2.0689396373903755,71.22841584504562,0.8417456354950481,25080.708217742897,30970.616824854613,35635.15408639925,59472.67135344943
2024-05-16,1612.9881465940157,2138.4328419918347,1658.8159670219206,1266.2676796024248,121.81482826888245,129.00047905721433,609.0500797512335,91.79166463140959,18.06274528505263,1.5771225086138618,4.057179647314238,68.69724359198817,0.873350784289797,25600.649042352485,30813.893834168262,36129.24656581447,57852.064223969
2024-05-17,1535.0892011550877,2003.8518271398536,1393.81009934636,1182.2618948165318,120.52993310683789,125.98640845805768,651.6913213992449,93.04726972870228,14.894003830343513,1.4413697126615221,3.6716204128155345,68.24444056787014,0.8814875812280247,25324.130356313195,30109.74159863386,34330.00708976265,56700.354515670544
2024-05-18,1430.4172330182716,2099.0693251188573,1488.0465399165266,1228.3012566538753,128.12243763392766,130.84223821350986,649.7165582553671,93.80741162030054,17.094336825023536,1.0160011706057148,1.8897829852976136,67.79345949323945,0.8673498509797315,25270.419171389953,30901.00934979902,35084.00031197894,57434.383654509395
2024-05-19,1529.1347141298827,2056.9727690982095,1499.0056030835524,1231.9875359868715,126.21539487027937,129.88380538392255,633.8839058534294,92.52767231535196,17.626782985547358,1.5370283458147682,5.692592714729535,69.26379913597613,0.882657318731263,25223.631813749605,30740.69304431034,35234.95081779735,56891.13504247422
2024-05-20,1541.0865334772543,1901.2200739981859,1560.3378702474847,1262.7160195630581,133.11526624862762,127.5013476816982,654.3658576629073,93.93384149197165,15.823079504344093,1.5274943681367203,4.367176550463826,68.87810560783001,0.8942271913754154,25887.268731489115,31268.68488797503,36185.442470785405,55114.72420352753
2024-05-21,1520.271467892413,2073.744993886105,1492.407428719524,1240.4763783940482,126.32167154919901,135.4052745794422,628.1909737688827,99.21685734313917,16.39187837617754,4.367312532909418,2.49822022184666,69.14476404827701,0.8905098049556979,25717.940297599827,30641.467993503065,34948.042528408776,56684.63090006109
2024-05-22,1513.0180523293009,1887.0989099571061,1559.7267920774334,1202.2715645626788,128.63352393073316,126.7921797038459,646.0498050318184,94.14820095981112,16.757682300800358,9.31912070475149,0.3928471418596011,71.4097399855249,0.8714952787639072,25421.324080830207,30305.77782898309,35528.630121616734,54753.02914970515
2024-05-23,1550.5350200560736,1928.8648640274096,1567.6659981944379,1254.9201193442457,126.60800371339977,128.12333288985303,652.3679056043354,92.31284724098478,16.187762616168374,8.535277265766952,0.026425577247505494,70.85849372084353,0.8797469336408017,25653.700370649585,31168.744861440213,35438.528320496385,55012.6488428559
2024-05-24,1536.0186565945464,1881.898828354312,1417.573395683292,1218.1772715928166,122.70917681695931,125.5944387831784,631.1710229870844,94.30646412530318,17.795802422705236,9.864511066158771,1.6778842556302882,70.44370525662481,0.9211370343283121,25478.494408688715,30162.539810512324,34452.46009875194,54131.390159839706
2024-05-25,1524.0986062068985,2031.428308928591,1471.1132164024398,1177.3365953679088,142.5037419199797,136.07634443033456,659.3464595622768,94.46148032936033,16.6321704367111,1.2881843556532602,1.3107782976960065,69.40907789143264,0.881234200432751,25115.94066593106,30214.60639330784,34911.44483583218,57090.7980500136
2024-05-26,1556.5426425162373,2006.0019528335545,1572.1440545275314,1195.5764425869897,137.85461241222657,123.99244385465957,632.9654758095447,89.92321368961888,14.435691743542428,8.074022965883946,6.351200602881366,70.19685427814942,0.8849086288401984,25170.288060554332,29743.057929848936,35875.68709974308,56563.6613610848
2024-05-27,1581.590982979741,2169.7461608127446,1602.1645396463905,1120.5699929833606,128.34525044201038,121.1223960307529,627.8097432896983,94.27103065146432,16.13557509425526,1.4579912873876522,7.513319372209964,69.37790687257096,0.8588159573859186,24449.046201630135,28942.4509707601,35962.88950526834,58667.17641427164
2024-05-28,1410.82764706565,2052.45196221467,1635.3057729403708,1174.692574219678,139.22415142630146,131.30966297220098,647.5456388651121,92.75437293863295,16.698995453315298,5.22139015391744,1.9826759348425282,71.23092134795718,0.8872672797431106,24687.800461579474,29932.4000492867,36572.1062542026,57684.77727263658
2024-05-29,1495.8452163007225,1970.5299692994656,1409.4008984703528,1145.2163693203631,130.2767184914717,129.30267261241428,634.026483402392,97.06491443170074,14.678181922119164,6.9377559511964275,3.857322509470438,67.47381983764458,0.873993735464386,24450.039534644977,29490.203393188876,34183.85973620771,55996.23046887551
2024-05-30,1369.3993936292272,2012.8125819253257,1522.8250012005303,1105.5941592657541,131.51609014627735,118.1080479382563,652.6490811377656,91.49304568198882,16.47190744905307,8.250190787913052,4.84983044721918,69.23197037466618,0.8720484767814776,24262.937399463724,28918.900927879906,35491.569716858845,56884.721983570795
2024-05-31,1404.175847470006,2210.7745636547806,1666.7613648166666,1167.6528410173432,136.1664374931183,123.25549725877669,642.8801237462467,96.94565460265103,18.300631073039714,0.8485802880135374,0.5304639972505774,68.19815244847815,0.8747885214132798,24925.721382106407,30185.755985476677,36743.062730831094,59354.72777704037
2024-06-01,1493.055628492575,2054.415525909051,1523.4557863636435,1184.403204852233,131.62099051610858,127.52626934240743,627.9167878385163,96.00524788157347,16.138377142202245,3.996917318099938,7.695966234312669,70.10038211054548,0.8631451294610343,25147.550963540132,29613.057093910058,34788.3954018167,56467.69629428326
2024-06-02,1516.6918837804471,2041.9178582594213,1608.7922202381937,1186.5917986258276,126.48164020679005,132.4888676775272,636.8081798826855,93.76362734374112,16.923644266182023,3.2302265803251173,5.331009834963223,71.33572085229547,0.8581869130753408,25486.832686155238,30371.83938327735,36139.49945738161,56387.308352059765
2024-06-03,1527.8595002978489,1892.7333176216907,1652.4246787304094,1198.3814506796734,124.79673147570445,119.89200086507796,634.4572380537952,93.62671148358223,17.069525849241824,3.750826257241393,5.689314623636079,68.00845752955156,0.8802424816823755,25251.76081165897,30043.969642693282,37095.384934667665,54354.80460951502
2024-06-04,1446.977600447539,2162.961327925521,1461.7859783293943,1248.2033776061862,122.73000476057368,127.94685679589419,642.2562160106736,91.07100736804422,17.35169765863837,2.9534593790009067,2.853938530254476,65.80722809291937,0.8491517307032987,25417.508643407346,31219.749177496786,34683.27801214949,58430.414402555776
2024-06-05,1516.7936879115691,2002.0187580112834,1432.9907020540345,1113.881026216785,132.99885538696014,130.97005114825805,660.6540108222381,96.27276288953081,18.034680619589665,7.202784169863429,5.852766843211728,69.21621673529911,0.8493939699084178,24443.257079721472,29538.783497819102,35082.58806608007,56838.003119748035
2024-06-06,1543.466166303027,2174.947824377992,1589.4407093093737,1161.7498333640817,132.00313096057212,129.78797414688717,642.6206316581481,91.40413761515376,15.47646923098698,6.938415730321804,7.185707769131752,67.13103681931116,0.8953227718118887,24769.24378773857,30015.58941374761,36452.19381419275,58433.588170027906
2024-06-07,1478.9175210257015,1985.5940213691526,1497.104707642883,1163.9056129364783,127.33587105734564,138.84469479484824,618.9071158339608,95.12200903576272,16.904702322262295,9.834869758939545,0.6290204585868073,69.9289303955824,0.8828592650909124,24369.540255904507,29575.204122864823,34825.0499521377,56435.335242675974
2024-06-08,1541.8691725468798,2056.090544979277,1503.3672716941182,1143.9721855219327,129.62499570224074,129.02585425725619,675.510848075514,96.44357967880653,15.786190643595333,9.445663307118835,1.6655279360851285,66.43739842202798,0.8802459529028215,24797.719046922495,29494.241364098674,35363.678444835816,57442.89734267989
2024-06-09,1580.694735467519,2209.7705820911337,1422.4189805985964,1215.9364313880433,132.51458352763728,132.6711681252021,644.1481733070941,95.94764287187553,16.74906634498922,4.69341067247638,7.314423928202145,72.55672259826608,0.8696935235438052,25300.680267014104,30311.30501763581,34527.45667807074,59222.974192131886
2024-06-10,1465.4120023987307,1792.002778607721,1365.198664408779,1142.5664146907463,121.46217045383035,129.97348986066402,675.0538048053751,95.3453800283723,16.30336379742709,1.6718480306408745,7.096253509693933,71.56737109397785,0.8377182439812004,24624.6228339081,30051.323211550112,34021.897252668045,52978.18348240484
2024-06-11,1460.2086855420873,2041.4862718135198,1528.6731872973783,1197.2531666855566,127.60712656046319,128.4112364038322,649.6983750918531,97.68840930347845,15.101724447455215,9.208462532677942,6.693963829349315,70.94328236771528,0.86598686652454,25311.456073998514,30259.460680221455,35490.95378807814,57424.98433502583
2024-06-12,1370.1478144764212,1915.9767707336443,1582.117324988198,1140.8591195738056,126.91230132458587,128.34336711997224,665.495326530997,93.49375587223618,17.17455472795327,7.6437477887895655,1.25638959776823,71.46267912960523,0.9017069839406087,24531.76618293911,30264.80887515786,35931.83853550645,54969.17655046843
2024-06-13,1472.1589182492341,2075.828714092456,1436.971799599883,1200.477745161064,128.72397310768417,130.95002729979447,649.1648214564792,95.03846294580616,17.694900077179284,2.684996558644519,2.0026679285163773,67.80521770966413,0.9009656941287082,25173.084505040177,30382.72638304154,34324.35168649777,57942.33751858534
2024-06-14,1451.7736873817068,1941.754139686862,1509.2754070443289,1239.7851037081355,129.71039194470563,127.12281108452191,641.0722158562548,98.10188377552502,17.109245851230536,6.959711788312781,0.7992452717623166,66.3806752845355,0.8802290793581088,25647.32521236073,30580.403886068452,35577.58423911899,56016.14886292548
2024-06-15,1407.4054306137984,2162.619598082987,1478.6631252862849,1207.7894053233117,134.44934737500594,127.92992697814758,648.2770559866655,93.93651443221981,16.42384082231354,5.266025820801129,0.8877643972829352,70.27485837737498,0.8733679696863177,24987.89618891182,30635.970129865233,35522.377107247004,58463.83825769973
2024-06-16,1507.1664397326651,2061.899008829668,1593.1847096427168,1159.5397068676596,129.0458372553957,120.92387155276113,623.6572981189921,91.3415263637175,16.82066351685126,9.350104625318787,3.3354647271621296,66.81306335420182,0.8890119793900056,24701.570554176848,29664.762303911033,35931.46971846883,57604.4767070216
2024-06-17,1508.974705872335,1956.6890497901802,1519.456841569592,1253.434662318078,119.17104630411808,127.94421872234773,645.0485971778274,92.85252292957797,16.25404004961821,9.475323803096598,0.46187746275612707,70.94888530981082,0.8831142598171119,25901.753979971792,30676.24895414298,35463.90478705571,55983.92104245404
2024-06-18,1536.3207898131438,1827.3201641673868,1544.296315181325,1100.7331368794944,135.88903954347768,129.6424008934351,643.4453988035734,92.72502546700072,17.18865260898096,2.426521869480023,4.734732650797663,70.62805207708399,0.8863629144839673,24328.944828273197,29173.246335970627,36154.59129705626,54624.64177422851
2024-06-19,1521.7462077744112,2025.5999662528923,1414.5216557910696,1246.637350676829,130.18959466393298,124.90900158407426,640.3877554604285,96.09372624385973,16.31968656119512,2.1087303151734105,3.3870579519561517,67.04621348505817,0.8667583931005778,25620.108085413463,31067.262991954165,34086.34017978808,56643.87235526174
2024-06-20,1494.3656559482522,1964.0039904987048,1484.8273418516642,1236.9556776996099,133.42991195224855,124.098485220149,636.7530825370147,94.87963495504661,16.870595155779185,9.356324131254377,4.669734434749875,72.70922980831186,0.8291390565141226,25619.14494274257,30666.240167624754,35298.174721920295,55594.01944097636
2024-06-21,1514.1390091318808,1948.923542625646,1458.2768904264,1094.9875077105526,134.1068173346621,129.56734435305455,681.760843621148,94.27986510199158,17.77391768554746,7.699003837160165,0.6463612189792238,72.62494719741028,0.8724115120236245,24425.07489223461,29175.347672015138,35621.73826097599,56007.50522447203
2024-06-22,1454.6230460694883,2086.9214645840766,1381.3718156284888,1205.9984098197442,124.50908979253725,122.72954652798622,683.7369683273038,92.18465569605225,17.800228715820865,2.8638675732995367,7.657323248458339,69.29909916186115,0.8829533997291744,25128.724804717218,31180.139875466582,34405.47558468433,58634.41375772346
2024-06-23,1460.3724385959777,2027.0120218993943,1433.0485793790242,1180.5083662718405,119.74081236402463,129.1989834673016,648.4491863378244,93.87129313187035,16.734027475032125,9.81097943131729,3.2862050238871374,71.35934426441393,0.8279654951953771,25067.692901608596,30183.073338539863,34854.415214583045,56141.60328606468
2024-06-24,1512.9067236759568,1765.170271330435,1455.2302922606623,1110.3408757282255,129.33540908091254,132.4860545001955,644.3533112279389,92.10527531932703,17.418352594957224,7.357320278825222,7.0757377011647655,69.79955214127507,0.8745559031570065,24357.225109022576,29127.231958105258,34656.37530158172,53329.23471859963
2024-06-25,1528.2528017783952,1946.5113899574117,1427.6128749547916,1163.136950079628,128.33571132060018,122.99086120548723,626.6677005018278,95.03328255224245,16.021230944292927,0.01466977459041452,5.233387951913831,67.86611007936277,0.8717942957729883,24720.39849833011,29777.408120607743,33735.75686599639,55062.450814977914
2024-06-26,1515.8194539062001,1894.5563660908663,1441.2739781247844,1197.5092493988898,125.24438319530151,126.10827925488627,659.9004249327543,92.91307595595751,17.28600825283988,5.885590305890767,4.950256736704064,69.95444460960472,0.8155592647301516,25016.49008854877,30057.681472684828,34523.870336089516,55762.25622457682
2024-06-27,1557.1481367577303,1855.8077157685298,1579.9355347435132,1100.4300494410859,128.04255562467316,131.21560331460446,635.4872175814947,93.76070469662356,15.502288081421149,4.055167644194445,0.7841152749825575,72.1031399808193,0.8551931867365739,24143.842177764673,28961.064827071077,35557.521858911015,53458.21470141503
2024-06-28,1527.5457110204738,1750.1034753048655,1425.037720640282,1165.556482747849,126.3205580956239,126.6285889700269,660.1358817502866,94.03453299220838,16.71456790564248,3.8695332492704724,7.4865739924188865,70.66305804552559,0.8509441985666295,24890.318776064214,29670.081567519064,34376.45505423397,52454.44806913633
2024-06-29,1461.8710372730009,2032.2577198693677,1499.9008047655095,1208.302209096318,126.32209688487399,127.4703320517338,637.0386392959293,96.72464423203573,16.818788000530436,0.8130011855184838,6.539671834134424,73.22762461748171,0.8578384691027476,25098.481365466665,30104.29726493788,35047.045786446535,57426.69411493887
2024-06-30,1427.9876264331972,1919.621202839901,1431.1282691220874,1161.3580667789581,128.0689048742677,126.23905417643023,629.6472578741237,98.26072191159966,15.920304326017783,6.032864266712329,3.096653145501305,68.34225002385803,0.8637857987585121,24635.700522128256,29616.210360501365,34305.17374004859,54421.938393588105
2024-07-01,1515.9872237353798,2054.7603628840907,1548.5418818587048,1165.4348347671985,135.54501943445027,127.56947341577869,625.3686787278884,93.13757436306162,16.612293106584872,6.441150673963807,2.250211394604353,67.85093682106279,0.8490238677806285,25179.222225314315,29439.234738814455,35302.3243457505,57175.34555665547
2024-07-02,1517.5658223785856,1911.4004702581385,1555.0817682834197,1110.5941038144322,129.37486315008036,130.89992006531298,664.5642219130228,97.11865632132556,17.269338715222503,0.1084158326950102,5.221907242175827,68.3461585450241,0.8549823896260451,24815.470930452146,29393.247267841005,35826.2184365971,55350.94694268403
2024-07-03,1434.3816262442645,1928.036446628057,1561.7022887731302,1066.521374989205,129.42428571696627,125.4636527130815,648.8508630147517,93.30448196663065,16.355957445758275,4.683000879537216,5.16611439526496,71.341528307916,0.8267157642274463,23704.806943589247,28564.878162784786,36482.81410367956,56109.82271385736
2024-07-04,1515.8173909990442,1926.7599241662374,1468.4252853423468,1186.788795494435,127.11512849937722,133.43496030863744,642.0564925631264,97.20942712935876,14.827029239882524,2.99085925049581,7.758335917125824,70.34922584128499,0.8537161151121649,25067.540054415254,30194.789975643962,35100.250467677026,54757.760911634265
2024-07-05,1549.368813171351,1898.9072918460008,1551.3500945325031,1097.3445238542977,126.16252099914726,124.99827482728216,627.5161556569317,96.86115876751326,17.151213434749724,8.825281305725687,7.059934053748597,68.44792893956124,0.8970092524712258,23923.784313685806,28782.24856825243,35134.92334239171,55021.001238824865
2024-07-06,1428.6603464672237,1794.9047050044717,1399.2210313489932,1219.8055441636193,129.94812895409248,120.11081803926902,629.0365780201743,93.98868485370393,16.057460840111982,3.210360694654426,7.127867510247705,72.58567736378076,0.8578009530815278,25548.22097491983,30446.194897470476,34307.68590433925,53936.12866470847
2024-07-07,1438.1406266013917,1828.9631759128986,1534.3329229395893,1106.0664271963783,124.54860701714865,131.72258127682122,631.4346716885678,95.06766783939256,17.70402557813784,0.39532478407061755,6.645747184919679,67.6320590210961,0.8572024474124972,24276.323029048388,28881.943524410595,35823.59706606831,54616.648959154765
2024-07-08,1444.6783487551445,2002.7120186880816,1365.5330053951006,1152.7147235574973,126.7019755559493,131.68456532858747,656.2499135512749,95.11387223115307,16.81072211262269,1.5661309139211077,3.855006408559678,69.24080314938861,0.8242808940613217,24493.289649527644,29696.792893252725,33924.79809954212,56808.58978115636
2024-07-09,1491.181801676986,1999.4528245666122,1559.3647190187346,1192.117523060083,132.9275324689259,127.02483498001058,640.9434186984171,92.70118792027485,17.272570020548777,0.29281845519639527,2.4941470624452275,72.00638570554004,0.8536204682932619,25442.82276396942,30555.461870326482,35868.42825265435,55824.436662478125
2024-07-10,1484.4197174387914,1905.3286720646772,1533.7977587430337,1132.9855069979506,129.813341979829,125.81034335454405,654.6919243565151,95.69785188649676,17.576867526340887,0.062075541404407186,2.4382152693116774,68.92833411244229,0.7995466643455746,24392.148761313543,29366.290577361004,35296.78850431519,54605.65549099917
2024-07-11,1411.7462308307202,1924.554533106936,1455.6098213272114,1197.9865136029503,128.41736278615969,131.86507680160844,662.1987900192653,93.05124357976779,17.07978288792432,8.366182125917678,7.28060402493676,68.99966561212622,0.8245962061283445,25175.47601508219,30437.586987611387,34550.419834045126,55528.56883268981
2024-07-12,1448.964608458416,2149.08181757129,1658.1445022702178,1214.9794450753304,130.7194548348821,129.41278758328806,621.1775414588426,93.08888458171839,16.663857208754383,8.310433474200282,1.952331710667151,71.73608746662894,0.8434792944746407,25356.02104206351,30309.449918415976,36628.975969859115,58618.212545294125
2024-07-13,1500.1562811858948,1957.2211948854,1497.7013341882,1154.2718731081804,118.13877750953608,126.21366713975362,637.3020168355637,94.99732085529465,15.677031154550164,1.9682298666264908,5.7560502883137605,65.72152396607976,0.8549589942204245,24573.07850903023,29496.94264721172,34826.66518529162,56043.7660872175
2024-07-14,1384.7347921755986,1952.39494177281,1420.7680244674395,1073.9603359421624,124.4350551594053,128.45040355122111,654.1477677728265,98.46633948997945,17.882786475225878,1.3539701743139698,1.1570249987378718,70.2420251645034,0.8363566432305855,23788.29084152922,28784.80072011244,34061.295051445326,56231.710926325504
2024-07-15,1437.5647688679444,1861.4319597869778,1554.1319488058964,1197.4802014061142,138.85053315539477,127.24356337102378,647.5030914771569,91.29807839760761,17.853403664874406,6.592929161999068,7.642831247768135,73.4513179594222,0.8425322751943592,25337.17326407124,29849.051334443622,35684.230294784444,54219.03613794313
2024-07-16,1380.5644161807832,1840.0476990000298,1393.8307531771095,1127.6709676702576,132.91364398833292,132.69532945140529,645.6405143741364,96.62475325843194,16.10556965865381,6.837422107133166,4.123064670349853,66.32540636625407,0.8548062355961448,24745.399055400874,29041.16870481496,33944.31786825337,54476.65748232925
2024-07-17,1493.3471220138292,1992.4252689935201,1317.0526441680308,1046.4479863680103,125.55978030497826,127.29423404013112,659.417405480418,94.60517864220394,16.403498356319638,3.460659197084878,1.418190061730746,69.38070432960578,0.8779943430071969,23615.113783017794,28572.16282585181,34083.35569152304,56472.55844368553
2024-07-18,1470.6450699182976,1894.738298149109,1422.60065288906,1162.8076800395997,127.0884003486747,124.80586473290829,647.4196546029679,92.19326516454258,15.797896679552526,5.622660258940772,6.567525923248163,72.42369469630223,0.7846790544012416,24770.35787736251,29925.13934345744,34442.47417798813,54630.720954468175
2024-07-19,1483.0416099108654,1924.7484727008925,1375.4401505239036,1196.723555071944,134.14297366968347,128.30047293633936,610.4030500200843,95.16038930488214,19.04383014179157,1.2389891916665474,5.529398752136424,73.15697132639342,0.8344922669649708,24810.53315445444,29850.494851959375,33542.15246563117,55213.47165140445
2024-07-20,1435.2118100182631,1773.282663882155,1502.4496486248363,1213.4339601111453,133.79145838303032,136.56862902849602,617.6914163763744,94.44127286965512,16.340643837114182,6.497289839175101,0.7289706982119277,68.73364606017347,0.8211170449092136,25022.783906766494,30500.5554782671,34631.33686509443,53003.026703619835
2024-07-21,1489.1352830164453,1940.7247511465712,1521.2983831090696,1027.7955484852928,131.89089149151678,132.82864124526722,633.8526502131559,97.84629653934633,15.290972214962135,3.007711865826348,3.9927221306113267,66.7719340590549,0.8267366628616281,23618.087372857946,27732.30955940378,35570.001477631784,55511.90320916736
2024-07-22,1435.829948706678,1840.926890075481,1480.0622595740222,1209.0667285679756,124.94163422146678,121.37116333126127,625.8058047153195,90.97021521688292,15.239223076174614,5.402221516182932,0.8930907177654195,71.90334598263267,0.8473380513449864,25096.548949823093,30636.20821726131,34621.84666028076,53526.909756208144
2024-07-23,1593.5507626771687,1939.034424848111,1410.6713019029517,1086.5448092854015,133.65763343764576,120.18441183678843,669.0742484234447,95.8329754424938,19.566329700655476,0.3620592736990791,3.0900741589692853,68.14500457547501,0.8173702611779059,24106.71938383431,29124.228633525345,34248.019844969036,55265.19359089133
2024-07-24,1430.8060780191022,1982.1366092174542,1398.681139649354,1133.884329813105,131.48195846151847,126.66249565484513,632.7510262801012,91.93821872244139,17.235368935631723,2.128026598444779,6.918618473769821,69.72440987490985,0.7951983424908874,24655.94420474111,29284.005853697312,33934.6884969042,56089.74362441705
2024-07-25,1392.3008037957418,1858.9755582586495,1454.7517869885248,1048.9191555982206,134.2409146053621,123.7058962599444,666.1999233363941,93.77122702707881,17.64055765415608,9.93487186868926,5.475734448080396,70.44800314668004,0.8175480133648648,23797.637730240414,28511.74126082457,35232.391153837336,55270.63062530132
2024-07-26,1400.649768576827,1919.6382478676526,1386.8142736840978,1055.2161251884222,132.83899746422085,126.56578304289576,667.017674734536,96.95037334430694,15.628328901378339,8.72933044920919,0.5384896883966563,68.9041075019832,0.820367367166746,23861.45579165061,29059.034854866077,34170.55939779573,54825.35112796781
2024-07-27,1465.5090071497077,1756.4973605674252,1498.8369402150686,1182.6148960952646,127.10740819413527,123.58546805249514,635.270827453965,92.40552895850608,18.13158327379788,6.568881537246085,6.846101964974582,72.06622389828432,0.8395650409957431,25003.538540952843,30045.8578921621,34737.145254779716,52551.15496651587
2024-07-28,1408.2721880433598,2087.238557563198,1391.6725324482688,1302.8171498518423,127.57234150903456,135.32712963440144,638.9350649918309,94.80328852347624,16.12282580196223,1.5780493760552117,2.418483779573074,67.10695131814724,0.8321333722709409,26153.719004345498,31826.999979486176,34174.456895043404,57296.45189375377
2024-07-29,1492.8855949434683,1782.2577203733547,1456.3549645171813,1203.5548695889088,125.04446054941461,132.23547822828945,635.5552044626771,93.43506175386132,15.052721361636955,6.3686047380429125,7.652962236584721,70.97696655370731,0.8454707127222985,25129.151374752986,30090.119028173045,35474.062719126814,52750.732195838245
2024-07-30,1490.924369041983,2126.5155285142255,1420.315885542652,1199.2391825361947,130.23634009344855,131.9766647010988,634.7345672486421,97.22743487067375,17.07122258543613,0.610157428436181,3.9834603861005284,71.51773892252403,0.810457807627213,24896.870854889792,30429.67303462177,34526.964313692115,58556.79063991168
2024-07-31,1521.2829232040822,1906.1798073677417,1497.472320859219,1099.7398687485058,124.21455885705073,128.5268348763534,655.1537101443447,91.35859757507777,17.223695558338957,7.501700352325927,1.6522374094499552,69.92581069921054,0.8067948599329839,24041.99390790427,28875.583735148564,35239.174302321495,55495.6289733102
2024-08-01,1474.3911632268362,1835.8924533559516,1408.8440012478025,1175.5247896218395,117.91516538519774,131.81993650402205,646.7858307569684,95.4186715777446,17.605471256078303,1.2476826960057652,7.490341472955841,71.37572641449046,0.8483701148806311,24933.632904487386,29928.369997274105,34029.65742650203,54039.25603435163
2024-08-02,1418.9593304448495,1730.287949143436,1376.824044499932,1137.7322868146612,121.60243565658851,128.50786758414728,644.0373546456941,95.15437139245743,16.71836314867057,4.691645049386971,3.03479098783437,65.91729817708114,0.7876246544224487,24574.18771121093,29722.659980599434,33393.84830604702,52509.7718257724
2024-08-03,1411.192074293112,1867.7749320206876,1374.0215333270553,1029.889797373139,122.0757113968288,133.4848209592997,647.5976937250493,93.60649129881591,18.266920999774346,5.388023271164878,1.6030314310329814,65.53518830533947,0.8278393591526347,23841.014548527222,27891.975745310454,33563.3737027732,54479.51998681087
2024-08-04,1449.2378272042572,1861.7036372699972,1436.6043011272275,1113.845218098512,127.88270808311727,131.2999063777437,654.8758617773219,97.89093165000378,17.05519917940828,3.159173743496433,4.643276370602137,67.73149047734043,0.8256410749344071,24435.116398928778,29154.16666252514,34890.743296177236,54875.66877137605
2024-08-05,1439.3124137348973,1661.903686404933,1342.9684675576443,1084.5823017701007,128.58257937569272,126.9631051862974,635.9395966389,96.87761926803744,17.596716950669876,5.827672313701346,6.066936104008607,71.50521391507598,0.8362019355585818,23960.152194377784,28644.82682286863,33149.33647795954,50896.4413255767
2024-08-06,1492.9634369043893,1919.813285927093,1385.083931686418,1002.9376169152437,130.78379864042174,130.17718430178843,637.9171176388105,99.10349282495352,16.518918945978978,8.204016389561032,6.285772642409731,67.3323735924874,0.8215837269414319,23180.74821019147,27582.590491179246,33610.88570779509,55785.76403203562
2024-08-07,1430.817056693284,1921.4143707886114,1252.3933511387086,1172.9995356749134,125.52264656620773,128.18367342640641,624.1512199762855,97.14924776498275,15.798820157076404,1.0460007033901741,1.0744379080207462,70.08071143227141,0.8242961196910643,25175.47336187792,29903.007473561083,32222.089454238947,55150.9036932662
2024-08-08,1415.982491610795,1893.2786970450388,1392.145459710916,1097.987800620333,124.33793540183932,129.610902569295,656.3180951122798,94.60858819039196,16.072326975585675,2.6815012534621587,1.857029762324533,69.74145315465162,0.8369063103234341,24058.082190096553,29083.92444966016,34429.98167246908,55315.57546542246
2024-08-09,1431.8115653520035,2155.928274168606,1462.1635313296483,1057.1117843363584,126.96266764175522,135.73105724742626,653.0262737939275,92.89704281526112,16.241572888569394,0.15570358904421489,7.465971436377711,73.09151661602938,0.8665492674668831,23886.13205531595,29325.661573638026,34282.32067299988,58439.1881562097
2024-08-10,1441.5958029145609,1803.7207493769479,1409.9042790622357,1214.4902429188285,116.2184696525533,118.41881568684346,644.9251161044638,93.09922025127818,16.846099214859585,9.893404903303276,5.327035888427958,69.87865225408619,0.8010107556852979,25288.74609117094,30083.847496282146,33950.2991199938,53714.692597563655
2024-08-11,1480.7727113440208,1819.1886156589994,1555.4191494229892,1153.2453219487286,133.9963100701437,129.12682700860992,632.653004024831,95.55253752169317,16.731385495232427,6.606573140546783,0.07577866814255607,71.80999855351028,0.8411478603603579,24669.847035334118,29916.56462605798,35644.17217172359,53929.00648266002
2024-08-12,1435.8314911010134,1814.2737134763024,1394.073281393669,1090.5674397114979,125.10555700812874,126.18373062580422,640.3298268641266,93.113975383826,16.682361815994543,2.7193928780987275,0.2820235349648996,68.69320665638546,0.8245150035387541,24239.760549834744,29519.10684372154,33947.474115022094,54151.46323318164
2024-08-13,1481.3704711702867,1980.9345516986352,1537.1896065362362,1033.9598326182347,136.54756256589994,131.18644744665679,633.3403534326499,95.35433907979751,16.015458929118854,7.377717719522495,7.753694230543554,67.99224864278136,0.8468807372522218,23389.589056917084,28146.783636453354,35585.119720614566,55937.60143535736
2024-08-14,1525.0953125200178,1912.3979262937935,1243.4950406268313,1118.7379970010418,134.3264180055901,127.40643547162657,648.8327445366934,94.48228793734097,17.871579349309332,0.697697510495563,1.53041006665158,69.01488103664119,0.7730166723741886,24180.133382019925,28907.83469341198,32408.35159075255,55295.192660271794
2024-08-15,1307.9087818183207,1948.2702660444768,1389.8509558896035,1126.9575047069263,127.3423027664366,135.57371600606874,664.2873889873189,94.1750640816871,14.839705367314105,5.149915252077818,0.11551297269396699,70.30142918336729,0.7909756697501092,24426.995988165614,29776.23851012475,34111.50872009156,55944.17613504932
2024-08-16,1466.3480306075717,1770.8690434418747,1413.6901430444175,1101.1988669382583,123.7119609433205,131.52938199760305,650.9374728115633,93.74172623521366,14.278066662717052,7.131833502918308,7.581584546199818,70.49028426294022,0.8033684784594111,24425.455242726614,28842.569214041207,33967.141996136044,53113.15990899198
2024-08-17,1435.5750137911302,1868.714455631251,1504.4739151151928,1196.513045518221,122.99992774091498,125.12560110478343,640.8913018237278,95.06165033223812,17.54994118387209,5.634153857805968,6.151728156180062,71.60842375713435,0.7886835489749979,25173.936701391467,30001.03769801449,35105.478994319295,54404.26816632753
2024-08-18,1441.6107546928615,1911.1313486234792,1296.3998687976607,1111.2462917807984,126.44018574010843,129.84137165830177,624.2634123944962,93.38266293733366,16.418517732326972,0.26190976617665007,0.4462177951807007,71.9292739712773,0.7943296752028556,24529.079139146696,28612.631948351405,32580.66667099294,54871.24598778705
2024-08-19,1458.6909852385397,1962.9266782745824,1442.1131349356694,1142.431403117947,128.64687159259273,126.63170074854884,645.9903802735225,90.09537809569744,17.419835755696337,8.40592995821808,3.142761786984516,68.91997213380091,0.7988390114400024,24347.111121960952,29907.89152570312,34258.135020805064,56057.275968752445
2024-08-20,1528.6972363517045,1852.1444886384961,1433.2220371991757,1123.4314208567557,120.82614143612179,130.36396489920043,623.4323034579336,97.45499317268245,16.940439594482182,4.4894854284557395,2.7727752828679986,65.33097089628748,0.861479805822343,24238.515216084525,29898.687502082958,34370.985101158185,54364.73330150764
2024-08-21,1450.7827551796097,1892.627740941392,1335.563540745871,1063.5780345020753,127.4830815599193,126.83840523327183,640.0616990765449,93.36411620160881,17.26485640899945,3.481394665279558,3.7049115587798376,72.1136924874909,0.8239198162019826,23891.28620127558,29168.799185589563,33153.36479853094,54320.67909176819
2024-08-22,1441.383567594431,1884.9642686085756,1462.2937521730814,1104.9493339233327,117.6166391953886,130.97238490680445,646.8942786541983,99.98982085546201,16.217628057791746,7.923599986411849,5.019362073759246,66.04630119708828,0.7854039580467591,24171.486964895746,29464.594053158744,34837.00692966019,54647.28109990823
2024-08-23,1481.4652832228926,2009.2800150925912,1521.705321277811,1124.4874321913126,141.61752159697315,129.89770727120163,617.5631555413846,95.9413210610251,15.718080523217488,8.83586050989893,0.5208852094293448,68.04812558843408,0.7972214180981829,24140.94053739644,29435.067286447415,35255.83786897023,56433.96505882702
2024-08-24,1490.2740049460938,1914.6146813071196,1430.0183487598206,1022.71248757021,127.79893621693637,126.66723737366071,668.8153346058859,98.89129741149141,16.08074987425013,9.161029530080544,5.75505264589982,67.96510745926524,0.8401346850668354,23460.878237544403,28272.929345658744,33771.34487164389,55984.54405825874
2024-08-25,1424.3168904123859,1798.477071319031,1539.6710439548604,1097.618285020191,133.02723646495195,122.47860622412524,648.3991150153896,95.05128247396068,17.882457470251442,8.785792806555035,1.6641055687521806,69.11185892247649,0.794418578596168,24016.282332381863,28854.221599909743,36079.79496817927,53077.93510433127
2024-08-26,1452.1393911821701,2078.2659102344746,1309.9166880494456,1183.2027272634116,123.70675023577704,130.11514630381305,660.2183302022104,94.44600759136311,16.93811003688635,0.6512090208592292,2.589261751782212,70.58676638152389,0.8098494738503774,25299.84265790699,30091.605833973994,33626.493986545414,57749.88425799532
2024-08-27,1484.377745678001,1857.1859793379567,1432.9508901173135,1101.2984341212775,132.81656413953075,128.0224867617575,660.8490073230529,90.0500376244754,16.556264770819492,5.1506881038972185,3.677438459588285,69.83141975586712,0.8004266950899676,24576.631147077336,29586.97102415894,34927.82588589033,54043.33299990031
2024-08-28,1478.1436624425107,1877.657264224684,1319.161934613594,1062.7823882145344,129.1814328572636,131.45577137184446,647.6308382544931,95.58142843687696,16.735898539128673,7.591163788911932,1.9512781740966103,69.76539890433178,0.8126216966306308,24031.144236992586,28601.333504812224,33087.46631692382,53537.79579956807
2024-08-29,1472.1284370930748,1988.3839958997914,1354.2762134344007,1153.7018189367932,133.30347430677668,125.67454079194846,658.7100930041348,94.92591120913485,17.24611656153937,2.2040569750621177,5.429069456689446,66.38819328646917,0.7985672145863191,24894.97380102145,29907.602657294323,34025.91275920691,55948.692762202685
2024-08-30,1441.4628865401492,1776.2111424458226,1618.4608913229504,1132.3590172507359,126.76048416108107,132.60612937541103,672.239257571225,91.359064793665,18.002839624407713,7.042186240842532,3.2937187615643317,66.90471286417339,0.8428253484570363,24665.998943027163,29510.65960051702,36745.792996471355,52640.230203141895
2024-08-31,1426.9900451418157,2041.760985246735,1418.187297110687,978.4739797520351,131.20252587620024,129.25774417999767,671.412737439035,91.32860192721702,16.263767568887708,3.040208150543208,3.0918258541873627,74.42871628912175,0.8107440491068918,23193.80860897293,27638.061129545953,34232.889326996956,57406.569730269905
2024-09-01,1295.2573010326184,1976.3957273169933,1489.8580515437723,1113.8820932352976,137.80617387615183,134.940602707515,649.822432475728,93.23648886655414,17.436669981779524,9.990771817542974,2.4852430772080787,68.51400727488524,0.8025960488047899,24484.32473386852,29947.909111591292,35663.21688558124,56021.607330184
2024-09-02,1467.6623941599225,2077.557429199598,1328.3188590210145,1192.3367989345588,126.39054617396695,129.26189443636824,675.330125217399,95.12408689085453,17.284000162743673,7.160702510334829,7.8557324926919385,65.2711846596486,0.845537699173136,25202.19893376447,29992.76024946835,33474.73374942801,57409.34382462617
2024-09-03,1546.3620242849058,1801.8086770182533,1179.6640832005926,1137.5053257005825,127.06000116789455,128.37021097038595,656.3379642838179,97.78082687725707,16.976919432197054,0.9538913939680671,7.443841610584431,67.35842265426892,0.7614139523934543,25055.509552319156,29378.44823433994,31971.43034484251,54024.31057176543
2024-09-04,1440.1598446576143,1886.9489531296465,1419.9422098142024,1182.6243205285625,122.73681977966736,131.7545429473828,660.5400167170907,92.76726036330861,19.12960902819696,0.7535891612987144,4.6783277887970085,70.61662987605756,0.79365862068849,25071.579894714145,29600.79079839866,34767.447335240955,55483.82024130383
2024-09-05,1451.9104762539766,1805.7735473022635,1456.5960302206709,1135.4594059726596,128.72822712772862,132.83099455833505,640.1604413362602,96.4892433381436,15.435284161019148,2.2966260642036596,1.5818774882625242,73.82291707676835,0.7535793246329187,24480.37130051529,29227.596518544295,34173.97388490712,52594.30940959288
2024-09-06,1414.10620552462,1760.0213332998715,1380.1005913017486,1142.8286100129528,130.44068582798266,129.17076060159724,617.8819647228559,98.74373913958297,17.320079473399282,5.920673706789181,4.377733060646395,69.19430112050355,0.8289273368281587,24612.889599809838,29505.83123022377,34056.548016879824,52853.12685046524
2024-09-07,1479.1409288625046,2051.9147238502273,1378.6814724955043,1192.0576505681731,127.71854114757804,128.25807820179,671.3841205534827,89.83047390224465,17.773786133317614,8.709715807193776,3.090040147646758,72.45248826357813,0.808510186680416,24955.714448424966,30431.527351394376,34544.2976325041,57325.882561101585
2024-09-08,1476.0301839314207,1665.6295826804849,1475.6837670862185,1138.9777035689467,135.6528483268928,130.56244743710326,663.0481625366155,98.4862459579409,15.604562156879176,4.072143490403734,7.278552232908176,69.78324877678975,0.778205360190856,24612.291038765437,29051.94750712349,35193.541971876715,51333.05696719987
2024-09-09,1536.0846094860249,1908.7672704510883,1425.8186880219453,1080.2020507414272,133.78919340850527,128.2501683390554,662.6381071329677,94.87457915119428,17.201012647543063,5.401074271961274,6.627895073338083,74.79946767509426,0.8139549881497948,23981.25174140365,29052.80518992143,34721.53545608254,55291.358488249774
2024-09-10,1417.7787542009096,1912.5485852541178,1431.2038652371211,1134.6359439822797,122.82557236011502,125.47681011285663,655.2408667200001,92.81129195028126,18.107461295189175,1.949096747509691,1.2016671707100546,67.35166230592199,0.8281530298243712,24728.705122723695,29851.161869166786,34336.42899786337,55563.15012202024
2024-09-11,1548.5943011823274,2002.339501136184,1450.9479495952908,1084.3055350689704,126.87349040956006,131.47250657616615,652.17563268497,98.26320282463435,16.36006926389755,7.603975264056296,0.34086053572499164,68.64827487807007,0.813876701775026,23839.91597129049,28751.235804477674,34283.548428469905,56509.56673706286
2024-09-12,1417.2384219419596,2015.0438382079828,1418.3735280771025,1244.6207580727696,131.69662876141234,134.18578295490184,669.3068293783384,93.00250712720599,15.566635497213397,8.483754479441323,7.406664933634665,69.78465189247729,0.8029025504247218,25923.3786085072,30826.78125380949,34570.94704644922,56307.945046524284
2024-09-13,1435.591957721606,1944.339403517445,1455.9718634675287,1160.7324384909061,122.90614385053819,128.43690990236064,657.0334872617009,98.12494378366785,17.590245659983793,3.0357264799076864,3.5338601778764085,67.55800850560144,0.8134525205921723,24901.460085944214,30361.203735298448,34712.276603460436,55458.45399451957
2024-09-14,1531.5065549097997,1841.694146132901,1512.3163939566423,1119.1801066892244,125.44195014978696,134.78250118445126,665.9307071208304,92.18232115886,16.194823927401597,7.986333271273071,6.672221119059624,69.84435449044393,0.8264186738929922,24440.83634859155,29516.771781858126,35748.744093084024,54369.34644150762
2024-09-15,1540.5474870545727,1957.518246068898,1589.4493250964197,1168.8343954698041,127.9993113905908,132.01635407530674,655.5098356878364,89.38132065893409,16.878119086986306,3.1238970117979203,6.0192872356913485,62.724979329202704,0.7988395675295404,24959.2704939929,30080.82082830445,35311.24560944084,55906.21868168219
2024-09-16,1403.9792342552857,1986.830972349011,1395.5855964639622,1233.3544206012803,130.08247160580356,127.59157918629089,674.6748815324127,95.4102109418283,17.142065805179264,1.5339974550530866,6.661991672676165,65.87286642525477,0.8169813125871624,25984.163835747724,30603.105845462258,34608.46094143916,56682.80403699223
2024-09-17,1428.3510312272033,1983.4282507096252,1413.3122339544884,1102.5109544899901,131.3687379494522,126.89038702882162,654.186256906077,99.33542885399866,15.273851151279837,4.602465066058608,0.8791786348810229,69.55336276533333,0.7738580756889344,24214.348348350082,28816.942748911017,33959.80459338443,56550.009087296516
2024-09-18,1458.4943647506668,1762.6302716369132,1659.28852722171,1074.066085750219,126.74002521454618,128.80438941466923,638.4794026888814,95.77453249929238,18.755519396967365,5.641282201931409,1.1439547837124522,70.8820734938535,0.7757968615744542,23946.01975200979,28914.82496518985,36675.696974008075,52564.254902959205
2024-09-19,1548.6796210590546,1759.7739613370186,1382.0969383917013,1163.9066307122268,134.2330554772889,126.0261998959346,658.6694660458732,95.17947740703826,16.83426635386145,2.828239216060248,7.095507980282661,73.23715576791666,0.7817008743211539,25020.211198122535,29995.06233162095,33606.56331239443,52524.11215415832
2024-09-20,1407.8841214229801,1759.1018461162535,1503.4304690608387,1236.2813906698154,134.67462423269785,132.8604735306608,663.9206456976026,97.96450495808675,16.184996544848826,2.341560147024919,3.9852497310937025,68.40342413860066,0.8107051137586253,26060.716468334464,31233.589308804687,35327.77994437663,53604.29903681214
2024-09-21,1512.5230896584128,1813.9890950483634,1279.3570097697148,1209.9423177044596,134.0963313018294,123.86986428256249,638.9840196138222,92.6330999740839,18.43802853738724,7.085449382597517,1.9192475596698042,71.81363400364462,0.7895588310527767,25017.92317066879,30351.64023513574,32098.379604889134,53440.72946953933
2024-09-22,1528.7689343917327,1843.8985252544292,1468.4482390942717,1044.9958451490388,131.83722977964143,129.1984190770962,627.3701901691562,92.61605850619867,15.815646692496333,4.903060025006908,5.621586975870467,68.13215963975534,0.7794791069784398,23449.9829915155,28297.13168286021,34497.243584669355,53168.447196091176
2024-09-23,1457.1975787249487,1940.6018987994998,1357.1566756975358,1126.8843543446142,129.47944937659992,123.59474052867087,673.4711766311646,96.80230664799255,16.124302642434124,6.75621115091043,6.9097927603870035,70.04595280274654,0.8207379012174494,24525.04015038777,29598.819025713354,33536.111236765326,56619.25724230497
2024-09-24,1524.4313478675085,1903.7423442863724,1428.3989356067907,1021.1263105435147,132.47732843236858,130.3369674357399,659.6342172695208,98.36959659465884,16.404457328554393,6.144232393512259,7.719058690931481,68.07935746891113,0.7676701025526064,23423.75314867839,28137.95133073633,34435.50718163916,55222.60409666533
2024-09-25,1419.4676184231475,1844.1828485711098,1529.6706877420606,1140.4404975887412,127.43730674509476,127.48278107219456,658.2167899184279,94.98405542028861,18.046283397774495,5.314837057344018,6.730744959697607,68.09960328734232,0.784398242674527,24965.749634795535,29941.820780428912,35430.029478553144,53712.42368179638
2024-09-26,1431.2884207113516,2009.0719649565872,1491.8302463722687,1094.8565446092189,133.87927907366884,133.01239719574176,613.7823451793142,93.69155894837836,16.798576018372756,6.523299282465533,3.487238233099985,68.19464212276723,0.8033961110586972,24406.006135100568,28602.165480685864,34976.90734533724,56249.90417202843
2024-09-27,1358.885634294874,1637.9467198035159,1424.8135248851786,1219.8341420667548,131.04620323643638,129.6021979097481,675.4349753652587,95.21345236602333,18.31411392530201,8.235245866173324,3.8144545742067084,66.92651758866936,0.7774175004002645,25681.15613681351,30708.8634743578,34562.329689507686,50504.97246305433
2024-09-28,1413.992470755749,2010.366507489478,1314.974724983869,1034.7218240677755,129.82385214764074,137.35676847156338,647.0610129029892,95.75154090844185,17.675703672544987,1.7150157165626878,6.563935700716885,68.72543526267575,0.7989499432938774,23385.56228446788,28284.41447206453,32866.742214193066,56386.24653579644
2024-09-29,1469.7328777341168,2046.443699844033,1469.1413852894757,1227.2250627309447,124.59820690635605,130.21090670084337,667.2214755531669,94.99494267096075,17.393687899375006,2.234760520491943,5.549089252891362,72.6386822275192,0.7705131776528972,25278.59156546932,30431.96163498458,34848.18787154543,57343.45611232455
2024-09-30,1422.818224220124,1743.511085986468,1394.9378674961642,1069.1497180049657,130.39211215571495,128.9708031141163,646.2086937257577,93.05983234164523,17.032652251036318,8.34011280802284,1.612015891631934,68.5624570035804,0.8093826353781378,23652.102547548944,28488.399110979637,34509.16153110453,52552.60075408296
2024-10-01,1455.1605197335068,1922.6949439334428,1463.829274090173,1062.2897594287297,129.45745588083358,125.59740065434193,654.5948936224091,94.8815687976649,17.327015845754392,1.0862047689960452,7.471935205097991,70.31455098449636,0.8017922363927428,24191.871035980577,28669.915395377517,35077.58357223856,55558.940504739985
2024-10-02,1448.9664025893403,1993.414095886107,1517.5799820300672,1071.7088906463089,118.92941867582164,124.48188007331733,671.444016001396,92.24923481535323,14.749942779275068,1.8822334658577,0.0195220454358509,66.89966542599001,0.8090477891587351,24112.84165652913,28762.709432318483,35769.63307934275,56504.04664977376
2024-10-03,1491.9408173383126,2087.3717468057334,1389.4999035301319,1108.7441823749655,127.83275153738532,130.71718574938072,668.9000584887287,94.72772961613488,17.326113022493484,0.7795076387181932,0.8159482638628015,67.53831236892485,0.7915077827329565,24432.53866449405,29536.884813701115,34450.463023309254,57555.72345444217
2024-10-04,1472.5678627736636,2064.5971556326,1442.2547641228448,1192.578015112159,130.99693951279988,129.2588242598478,653.7020693858266,93.6344963547444,16.660705207810857,7.967162194089813,0.4677253780600559,67.08796137045606,0.759438535930028,25411.289713803922,30080.25314560082,34702.312372626046,57846.16527530074
2024-10-05,1518.9442145620608,1940.7549874109018,1442.0087159214736,1275.9165105612226,133.55621957898992,128.38553987183863,658.4272330952616,98.8032395197752,16.59858457398036,7.858911210168546,6.799814348479991,67.03721821761948,0.8212365792926226,25868.984729852626,30866.12502744676,34965.464304442525,55514.52727919396
2024-10-06,1442.4737657603073,1899.5708272767565,1406.3881159325167,1146.8768403808665,136.66669172847475,125.27202138108792,648.5800893713642,97.00564314923159,18.152333630195162,1.5249767588797258,5.5381097793464935,67.09419724400396,0.8159976994941998,24452.372830867054,29544.408304919205,34098.55992881413,55160.978912656166
2024-10-07,1493.8833330474877,1937.4788893065129,1345.7643503152515,1211.7528914942654,123.88292694704073,128.10419459801187,662.2461340572816,94.69982547466411,17.54637423852272,7.806442158123529,2.314725915799017,71.3424012008776,0.7937510211713547,25388.12411248305,29966.184327155483,33530.13323295608,55835.89918529113
2024-10-08,1482.4829448758578,2053.040828620574,1487.479254029458,1270.529265452959,130.00300086887282,126.78916981250904,634.0122951962902,97.4635045441603,17.044822476791534,1.408770590588817,1.9985913167430027,69.81953233620207,0.8078753843629078,25922.46139515507,31241.20173730244,35195.583772096725,57491.85822141388
2024-10-09,1566.5992301535034,2005.5181204735566,1549.7504933192004,1088.1986723375248,128.87971200069012,128.6533527665679,666.9482937506972,94.31954298713374,18.980075523590756,3.6408340727571464,0.822018418984638,70.81418366245225,0.7733189988339787,24005.23950840444,28618.584349171306,35812.20300612984,56890.27758093516
2024-10-10,1522.2810710074884,1969.6659124173134,1368.5976743205179,1116.6615752513385,135.55585262481628,135.4331468455344,647.798251856123,94.71561878773174,16.145937981980392,0.8325331787814338,6.60120279415886,72.03564764042163,0.811076913908325,24100.496961329998,29037.636947084036,33496.248905333494,56145.643739384075
2024-10-11,1478.5000732079839,1960.9108470513659,1401.6887834618567,1124.889083454738,138.25912163548603,132.86121069914785,658.9600958835373,96.05524608581672,16.290859049168382,2.392483232089959,7.473490859876691,67.89664562080603,0.8105114010799156,24658.824508887767,29000.31961312332,34632.39928424959,55632.51521155082
2024-10-12,1458.7638518826627,1912.3126254989306,1571.2915054350158,1047.8427494847024,133.18952057356984,129.98221417006715,644.9685936018655,98.18622798049715,18.44599822114067,8.90922747345795,7.167463078719797,66.89842916530642,0.8008046867876556,23529.474972816446,28481.925296914207,36106.282461277486,55089.91155109648
2024-10-13,1403.2429184786015,1950.8511163924773,1509.0114878907546,1116.8626942743983,128.0980063714977,124.34712885008946,660.2973196570631,96.20949223854707,16.267424199613924,5.335752359519823,7.7168218353210865,70.81461507281561,0.8406335160765381,24121.709150919025,29438.900292370192,34931.890707162034,56222.78965537171
2024-10-14,1449.2497629917145,1806.0580268134834,1538.5527306565768,1227.5347813774792,124.6650015945587,132.80490654136642,658.8510946672617,94.31927158385261,17.35122140148925,0.12246560813144902,5.9184761115589675,66.81869289721631,0.8189105741024808,25350.90198391799,30367.451009402357,35834.838017144786,53397.085538326675
2024-10-15,1562.3190945857614,1954.9368195784314,1327.0223702877945,1092.031441035477,138.1994899288109,129.05913397210722,641.4386979798226,96.14273951708512,18.10831292334397,0.019628543788339226,7.3499806188861205,68.80259435509673,0.7708788055351545,23920.234398617984,29029.711526568746,33173.03551936927,55736.51913888704
2024-10-16,1527.2863142298784,1925.289576092314,1562.0810677792438,1257.1921251753854,133.51637685854726,136.60892914188915,653.4614839779595,94.91329838112362,16.17489881900491,9.247767631891715,7.396119916318396,70.86582265979219,0.7786578850615758,26001.92033663771,30822.56178289576,35972.140469414626,54971.17645327873
2024-10-17,1502.5919166641206,1992.8047894163453,1558.3592676678727,1093.5063341285932,140.01060617673156,134.14329092122284,652.4013891991383,96.24623081747102,17.298566361002177,4.347442071026163,1.1886810728254416,72.46750431504034,0.8068992172020125,23737.901732381964,28672.628469768708,35817.772166106326,56033.08673611757
2024-10-18,1527.9513188276326,1952.5611155749932,1444.6096493619618,1225.1794673746685,127.2926225417215,124.7257974561956,675.8574084433741,93.404094914426,16.5676849479868,8.465633633619975,5.453021527006164,68.21144658041409,0.8250973234911665,25477.566598964026,30811.488833004903,34272.72757430311,56163.90785668245
2024-10-19,1516.4558757601344,2013.918399440462,1412.5384673802687,1260.4258329437796,133.88623310371466,123.96496425071746,650.1603277504763,96.07447640034839,15.983472382547435,9.427703862794909,5.216065990433065,66.16999746504611,0.8103741861242131,25839.87864700339,31306.70799358678,34013.03717352787,56788.3544709153
2024-10-20,1426.0080959607706,2118.1144321978386,1627.6946227592011,1143.1273230026213,120.61879298360981,133.7623478413507,649.6156213850262,94.50328092901782,16.975854827813208,3.8495139329800443,6.4555546939264525,69.2281272043871,0.7985990794087094,24759.31187378255,29705.590242045833,36447.83562356052,58759.695171669926
2024-10-21,1508.3867037140049,2057.9892253297257,1336.2064998426201,1129.674547676284,135.56185607225984,132.21040082726944,665.7844374592314,96.80003638710093,16.33948864477581,1.157449296334686,0.9773737307485098,70.40585631024155,0.8285398045032968,24695.81441758004,29694.54500848593,33826.13583602061,57616.48061745352
2024-10-22,1545.6486175757236,2064.292122248548,1412.9872242732727,1228.5763725630798,132.28202103494917,128.628289268907,659.0887835442888,92.325918203147,16.280081655312625,6.737133886442538,1.178402386663926,69.65149246116208,0.8560819757303675,25577.211019401944,30586.015562536195,34408.60217914919,57739.8500621411
2024-10-23,1438.6110856613159,2000.2920495945145,1527.1682093191735,1237.5732874221326,126.67266374015281,138.08662490965634,642.0982814703626,96.85037659852773,16.505105679171823,4.471079827394464,6.103462114529824,67.26439879281702,0.8179706583328955,25768.72500074282,30767.46462428733,35369.11210927953,56053.18340035082
2024-10-24,1477.7954969612886,1944.9984724721073,1645.6222472331149,1188.8876101071023,132.2506473456369,122.78245983451968,644.5796793428716,97.9693937460399,19.676803987751967,1.8094437036669675,6.309001652985905,68.67625446751224,0.7849602108425662,25320.295652385128,30261.803471633906,36978.74456495131,55359.97104567278
2024-10-25,1597.7477038744623,2033.6119999652994,1424.665220448138,1236.1892405716785,125.4065652876603,133.12781563696262,654.0758044693317,93.54529612404598,17.052021046933334,2.399617945879543,4.2176831452620815,69.14684142511783,0.813682550440173,25394.229313993936,30378.0822350137,34061.28752840775,57443.297424155426
2024-10-26,1442.4920500100409,2091.4624690208075,1507.4870920020544,1185.4520556633302,135.68336091579872,133.28841715064172,655.4350748362657,94.70667255654922,16.77673673968109,5.31456163689069,4.370201427454526,70.09917906753128,0.789047951382916,25451.674656933297,30387.710168045836,35644.52777928381,57971.45552938055
2024-10-27,1506.4578532948683,1895.8248235109784,1477.834207096478,1166.2230311865078,134.295399433907,121.21166435892874,656.486498282793,95.35984773777352,17.029628999260265,9.16842875522452,1.648550516082122,67.42541765105565,0.7883922720066797,25080.579947423157,29961.578538437243,34835.522706367614,55288.17543231684
2024-10-28,1556.322808630491,1880.7676015320435,1535.9286466738145,1191.3964034141345,133.59941956622663,132.3038083084572,651.573210345543,96.14347744663858,16.652108471756762,4.393804522782704,7.51740117279319,71.58245129753449,0.8108384694869347,25026.728789420198,29987.88043539991,35545.65159113881,54755.12813094931
2024-10-29,1567.6363022014184,2042.8679639154184,1454.7887120045898,1283.657404416882,132.02272295158667,130.23281321766234,646.5875175991179,96.09206414511192,16.503075518877406,2.9993414864268777,3.8829412063883915,66.31131170464799,0.8058046403417176,26213.081407755213,31170.480379417528,34536.887932958496,57108.74849873628
2024-10-30,1564.1255546017226,2143.9153910442433,1434.620077634575,1252.9400741026707,125.89333056892015,127.04118788507917,666.8898289411817,92.41475521639065,17.034707822725718,1.943065001856814,5.248206051910468,64.72617185389178,0.7677628261198844,25953.002451054846,31046.65129269418,34588.276082069824,59589.86481846179
2024-10-31,1571.4567501403042,2049.0886559068294,1505.9088066946128,1204.7843341275116,128.7928492226477,127.13477276426032,657.8995130423924,94.4335233969369,15.608032521801789,0.28499429674120114,4.565988381144647,66.80869141792375,0.7869187174881179,25255.632046941824,30370.82193841533,35288.208928675056,57262.687812082884
2024-11-01,1459.8430859641444,1999.2199181854262,1483.1505033589758,1222.0276591152224,129.8549928861984,132.33150660086937,657.0932030319487,94.49328559076571,15.232851667955673,8.760778456947177,1.1563176942669724,68.38564992309313,0.8100461517143935,25506.848751036247,30823.827723017657,35281.971573706986,57266.08613190095
2024-11-02,1531.431471569653,1787.5455821880437,1499.9718158739688,1146.0440751719382,131.39602273226006,132.64551338454385,630.7767824380147,90.24917654941666,17.22400508471929,8.21078818615873,2.56355069550448,64.82260704962937,0.8395017645023776,24560.66044207331,29692.721388743434,34552.43504369402,53488.05812509435
2024-11-03,1512.1445281471028,1989.6494916433817,1484.2270004700074,1239.8380265341425,134.98841314661047,126.85956880302334,623.5743949979977,93.52118831101622,16.690155580024815,4.5884509565402976,6.881947673054963,67.92336296006583,0.8179823465449133,25761.050923093317,30787.81942410771,35156.46435443889,55655.50592385395
2024-11-04,1516.421892620258,1864.664267894989,1551.7106053085456,1166.2130456776968,128.32346422518017,127.40092905613164,650.8418848304221,96.66389360114991,16.92758134283123,1.9270185851948118,3.645663806626624,64.26360481194544,0.8406208339789198,25010.975481121506,29926.500472855474,35324.22504766167,53872.41723093258
2024-11-05,1616.1189913191934,2203.3530306907696,1485.3638571981514,1310.486334217398,126.57793268764786,139.91579876309146,662.014616810684,90.17975011538388,17.680063026896143,8.108638314430253,2.5132746727341138,66.00134385726737,0.8370078423124342,26273.741383015487,31916.3921661381,34928.70112349759,60081.8247256784
2024-11-06,1549.8857317562554,2135.5661785322623,1587.671856316148,1241.0106974705586,131.93784485628925,124.90587322330231,641.158229734657,94.24498515919807,16.52911638764617,6.0257206384150805,1.2324467752804829,67.90052054368961,0.8201512583503681,25262.811590107503,30743.644747576043,35918.60822692081,58233.58123163174
2024-11-07,1555.3950484200245,1918.2919270854375,1522.4368511027046,998.2730015168072,129.39893631137164,135.5429494013461,645.5402540960615,96.44412152237658,16.89577001637225,2.113232504043292,2.0887385396206275,69.0604740256017,0.7900540623355166,23224.62340225823,28007.959730630562,35484.24089550439,55630.19436681793
2024-11-08,1577.9903599862344,2021.4569441206138,1635.739351482191,1311.060441103253,123.82560132965543,135.07263644040114,637.0188681772861,91.31383940185161,17.913173525393297,6.371591267056733,3.0536241059579385,65.52732266891749,0.834757034027042,26239.287136148447,31958.502153659047,36655.769958353194,56974.93174495219
2024-11-09,1512.7033875387713,2041.2451772835182,1625.3985613646082,1209.9933189957007,135.81852161889702,121.22488407565336,642.9760181103775,92.25135221299787,16.617098080059225,7.936902288709783,0.5328487679076082,70.12405809867684,0.8377655669853744,25213.60265640249,30492.86701501767,36467.448557265845,57096.24374723979
2024-11-10,1623.6798782357694,2185.889403646496,1594.142408501743,1229.1272240123412,133.03908477558832,125.55135809310676,637.4516646622795,98.24512088117162,19.17868114194558,0.5347276564338121,1.0434740276754724,68.32771001986205,0.8321039575933583,25355.963138783372,31217.842729636635,35999.72391405636,59645.17238887618
2024-11-11,1458.3622850045683,2152.4631193660916,1480.916989469221,1179.0415987577048,140.10086582176598,127.77967429533012,641.2385978680163,96.12728442188074,16.90233333851931,2.3454380434409385,6.9774146135215425,65.68565524534955,0.7979382033087263,24924.116228786115,30350.651239686566,34831.366606529955,59244.73378004328
2024-11-12,1529.2821810280814,2081.3169528832527,1561.3154313523062,1212.5971972182035,137.0581687259295,130.00172971571436,624.4198064645472,93.83547427923523,16.97895317453401,8.433861338879838,6.534481292225648,65.07151377934008,0.8284291841341207,25468.40344227918,30409.087617431866,35353.266435895785,58112.89552944299
2024-11-13,1514.412129812972,2049.484525845192,1686.028653448212,1166.4897349693797,124.67652017797302,126.42951266937058,668.8323339420856,97.7761539261965,18.119238125293908,3.0736669256794826,6.018506602621429,68.31258401303855,0.8136239740153546,25116.018984075898,30094.28513559309,37009.18220578571,57812.92400896699
2024-11-14,1467.9831151227136,2089.844184963918,1525.3430305074703,1186.8186010499205,128.49407516104813,125.05261174636135,648.5310451276473,94.78772078635801,18.75848408862763,6.669332079074114,2.8687458390711944,69.36155193894285,0.8485009950684026,25287.31140560941,30163.052496504122,35095.59235805404,58487.726666261806
2024-11-15,1593.05435087452,2071.89801082609,1670.242769365357,1141.4354684669338,132.16019618936323,122.57715623424932,655.9561562656966,97.19722211268865,16.593585543219874,3.427258659448772,6.174742357424389,67.92188861586666,0.8209806301486434,24781.388629084107,29147.574784386237,37168.37886295005,57442.4617362003
2024-11-16,1557.065788979074,2213.8190348053013,1621.4258031542497,1183.931383280022,124.79443951658476,122.56021943299392,651.7111128133237,95.11720402362009,15.728253095655594,2.759937473511874,4.479673594201835,66.5760174662856,0.7758488179634252,24682.89051883294,30140.90554796418,36831.93568658052,59636.99171225634
2024-11-17,1562.5764638664934,2134.116247182084,1751.5725203048914,1188.4548809018886,134.6030221742911,137.12545828335402,645.5182598655298,95.84460271391941,18.5932484360918,4.871944760353395,1.0979183545623963,71.80743882676441,0.7503776254139686,25475.446112844824,30147.38801592225,37774.95847809979,58614.27886047253
2024-11-18,1557.949840806316,2297.539595206045,1397.8623048926938,1258.601751337722,120.87455724595944,127.97552477100638,657.3488357097272,95.12191802033924,17.9641370956195,4.922853100339627,4.927867444899698,71.55854651272348,0.8008869132638043,25869.98416835133,30929.14900079612,34362.698075835484,60752.725354554685
2024-11-19,1527.2040580598216,1945.8369370771507,1393.4275118516362,1214.5294113774464,130.5712715810516,132.42303767063294,643.7211611754136,91.04310968748302,16.445313200458422,4.802430156257059,0.1784058446682737,67.0371205685193,0.7977218261836634,25049.891379057775,30507.34178182276,33625.621686137936,55605.559540061004
2024-11-20,1565.0459432686403,2136.6264356645684,1513.8935067349373,1232.979967597963,124.93571234090724,131.61765469329595,638.5141986160219,93.04032731429402,16.489566407961124,0.007918004924574173,4.05627069561834,65.55025605051294,0.8306719321720964,25613.323918394886,30639.122875342327,35217.68771388637,58932.19840880306
2024-11-21,1553.5458168483212,1937.508922951124,1571.7426135503783,1260.1115184599196,132.2774207015042,125.17267328319001,668.3412625145685,97.97097127886273,17.5189081708525,2.5717490993498036,2.1014589869490914,63.79986737120416,0.8324222287424543,25897.612051468255,30800.86243383263,36136.52281170407,55507.33761129507
2024-11-22,1513.2638165932335,2146.3053983872164,1586.665266950487,1276.9396335081951,128.53537961343895,122.52017487630765,653.6118977152281,94.30279724269059,18.26993307145471,2.336672797052708,2.110278012953656,69.17336995814019,0.83718180059615,25775.643738636587,31013.853877120484,36120.69985069635,58404.269361643615
2024-11-23,1519.94161743146,2136.678941293748,1583.1822859647823,1170.925887939796,129.58413115940036,134.50557171838636,671.7005005992451,96.93168707770765,19.05714091411611,7.714451004646513,5.421179772559435,67.03433353419415,0.8371133022075629,24929.36797728285,30255.487738515814,35594.68019189337,58554.44757008162
2024-11-24,1618.981914953186,2350.1905602500383,1610.2715212493101,1155.3379789044748,137.62450308496236,130.0903769711774,652.7041523336507,94.41835679729836,18.456052772181593,1.6520976412312616,3.0581496429266926,65.66915721772796,0.7997265015690346,24933.925746248126,30064.220049724277,36428.836269858424,61942.01052318345
2024-11-25,1631.69703933624,1968.5664014227805,1520.09865973241,1208.159273347204,134.13814206849327,125.73370037072294,659.3478389053777,95.65199140124743,18.125461188621177,0.10844442094182671,3.2448753966744475,65.90068000128117,0.8039897808553389,25582.384412020987,30435.041090123836,35333.27392197609,56601.081842533735
2024-11-26,1533.0829641712783,1936.3882788808828,1583.1498319523823,1198.3628594720612,134.12609035351255,130.1510322138528,654.359807617047,95.64835213592242,16.871806215378253,0.13580222737405112,4.252337779674524,66.40857204122055,0.7921949518663843,25201.516898889764,29811.57907228536,35663.10583126417,55731.03357210815
2024-11-27,1511.5089213944275,2022.1167048115176,1624.2131619864545,1314.2890732937553,131.14299128657595,137.07988719575573,668.188813147361,96.95902531409645,16.534862502606238,5.304599623280227,2.3228251209390933,65.82636341130633,0.8081782491555048,26633.730759990605,32015.938300924103,36387.72399145154,57091.68811263289
2024-11-28,1687.3479351281999,2039.544620679543,1676.7651536974104,1290.966196204305,139.7250266379286,127.34387859039441,672.6875808377235,94.39564587601151,15.326186173232003,8.972952212382072,2.0217491903950195,65.91031093568779,0.8097175246318444,26221.841279902896,31077.045593955343,36656.8440520961,57840.690197877484
2024-11-29,1668.3528668853521,2164.145957784057,1558.9753603361498,1149.0182375537888,132.19144076057736,131.4029109881116,663.9830948367571,100.0,17.201136693676712,3.625720882918133,4.662366682219652,67.31122164895736,0.8295524461352145,24667.875225347645,29674.545171264388,36296.16405162959,59383.389048123354
2024-11-30,1566.8729561786909,1950.4801517257008,1591.3216206109303,1250.4639040067516,131.7308070997766,132.18591584603806,652.0885605405595,88.60936124057818,16.123710393353026,6.758125304879968,3.5295816495964516,69.14435772843837,0.8048237271894928,25665.111731346627,30403.138959763477,36340.48603231292,55870.89503190843
2024-12-01,1605.199036347772,2148.542687746869,1494.6892173041829,1305.2983644617718,135.8316134771642,130.48892758713657,658.9684545385962,98.25271474142275,19.143038582552357,4.368809155909669,7.355091283186599,67.18753002874392,0.846763763428422,26357.66737977699,31116.106415351853,35601.64130998281,59416.935456233514
2024-12-02,1587.8833216207638,2123.9050384549596,1693.9235508612278,1258.482151744496,128.68160278254416,129.8705647598552,664.9722779250529,95.21473605970748,15.803985231584724,1.1682802259739666,7.401846197759922,68.7523577071767,0.8130958347242989,25816.051509838475,31006.44276461591,36997.50078784854,58096.67105556358
2024-12-03,1663.6094593431603,1987.17117843881,1483.8986103095574,1345.649515326675,131.08416017507005,126.73722619755476,642.4248312500933,94.55288145580272,17.13414492161856,7.85673155402195,4.12406001186146,63.426297105800245,0.8154316431756183,27038.753708213786,31929.7798703742,35055.463887922815,56568.98340950353
2024-12-04,1628.7126530992173,2229.5541958410495,1612.6226176926286,1230.994010134924,133.56707722892932,133.35040106599592,651.4646081795006,96.54904812563355,16.0484531473141,2.1021293028437524,2.136284316567517,67.61353034798246,0.8110149660646566,25835.401980333347,30632.26974414192,36691.6772649263,59672.95870283916
2024-12-05,1563.266221910172,2174.216979832941,1589.2456100539428,1253.6280885055644,127.71264294009612,136.53418119811764,659.8154740617805,98.12312974830664,16.27965790142771,8.465022186271359,7.653695638212656,64.95789445340415,0.855665863856555,26046.736671396728,30817.082980078365,36588.22571990619,58975.33191898691
2024-12-06,1618.2917811364032,2244.615354081848,1541.2983850466721,1298.5047169243617,139.42432120668116,140.46998188365865,630.1788467524923,94.86691789356588,15.804879345790994,8.310251947841,5.379968693958347,68.74808704593738,0.7944681345881793,25898.205095256977,31272.94708038483,35285.93605677407,60588.82245132885
2024-12-07,1548.3443684961771,2154.4425486676596,1537.468074802794,1299.8670092126422,126.43447449055273,136.16111655090936,666.98659906942,95.74371624846039,19.32703315921055,0.46031204347097066,4.631690364737203,64.42271264037997,0.8367936724744868,26377.65034806108,31819.449820112768,35386.18539535999,59118.14745883401
2024-12-08,1625.5187516865178,2176.310016923261,1542.5100261006558,1175.244015982865,130.24846679258346,128.40519853355966,632.6845587661079,89.54363336263067,17.005872357402776,0.9714883496300264,3.1312373703006076,64.855988875945,0.8269904593470625,25149.8177822382,29728.12725444518,36021.234268795335,58852.28576795772
2024-12-09,1626.1150217626457,2197.505195362415,1552.7521924387938,1265.6759615206731,131.91785300768035,127.14687066710948,671.2645668848423,96.58346838609876,16.39682522420605,3.1410064863034592,1.9509861166815794,65.21539941304933,0.8265157657269018,25656.145252945513,31006.557117248885,36119.70211365052,59887.477886066794
2024-12-10,1543.0729553708886,2211.889342046398,1684.5348281206439,1349.9171868294468,133.9620480195671,126.56869697831334,653.3193147847159,97.29750924400697,18.451204774679194,9.188379000635948,2.3523849555434824,64.89921975982557,0.8081211601053524,26740.37804637865,31783.004786721,37457.378570297165,59839.66257962342
2024-12-11,1534.704921189068,1999.6324097748634,1562.7435144049552,1334.9640858834337,127.17436511953271,122.82600521930776,666.3490833201616,97.75706311765936,16.107062420362716,7.329843343966973,1.1670991520398672,66.33372176253529,0.821848678364924,26411.757564265226,32133.20618577383,36306.51428329572,56877.41691759108
2024-12-12,1601.2694513063493,2123.6931606501294,1556.531546398673,1320.7417412247987,126.20992303777817,125.85756772861511,653.389293654737,95.35178820550448,17.45011538749631,9.44003113054119,6.656180062057819,66.1126592183969,0.782704567587028,26418.50364848683,32118.729453197713,35748.092814332565,58391.35695155986
2024-12-13,1629.7451949833194,1966.09156556134,1609.27811411679,1286.6367558433517,131.60034289731053,130.29692101017514,646.2783401787964,96.51809959558688,17.113138811133418,1.6450124120221399,1.068239213335712,68.0619713191611,0.8185385230509943,26183.8945763939,31223.95658869071,36637.29612438072,55849.944881550844
2024-12-14,1522.7179862704165,2233.0728224795935,1579.9836328827319,1326.6639903035307,127.74741289555232,136.2975344780513,652.8055201146893,95.89899931759011,17.702150719484823,0.31142851221419576,2.491075961486321,63.72917791815888,0.8086600622821178,26700.693792777107,32024.898078917944,35898.81193591253,60411.25252958575
2024-12-15,1572.7214697686018,2145.672138068873,1486.4464050217784,1251.934541646381,125.12008393779546,131.99003224785466,658.9055688232671,93.9373254596846,18.69276743201455,8.249181689151717,6.460001605290084,65.35683657653577,0.826604064859506,25773.53869020151,31041.83835188844,35415.53390739369,58540.74338541146
2024-12-16,1639.6992978532878,2287.2173041106194,1378.2564376617747,1291.625167529605,145.0831739748778,133.76924298185733,659.5466858445424,97.78523383413946,17.23019725504074,4.929601228576206,4.997727872592894,67.5774778708007,0.817679432057997,26250.639556141374,31600.284652563285,34281.5348022594,60446.73436321478
2024-12-17,1578.3676320276827,2128.8843306359586,1439.1921253104492,1383.4954649734252,126.97268089676234,126.66434406567333,666.6271647056482,98.22510487458622,16.164453372916306,3.76298555380981,0.5438401771092938,66.51440278930635,0.8352947381742503,27449.068772442482,33018.14147337484,34942.19401528022,57796.48366384538
2024-12-18,1556.6406929194886,2098.818922515044,1480.6459220328188,1238.7046669660756,129.19064889521107,133.56705204554805,663.6200450812945,91.08924249846592,15.446728250435697,9.680735922798815,5.2228789907098125,66.74048144225509,0.8408695012109738,25529.479696160102,30894.82445088499,34740.11796516982,58229.51530534516
2024-12-19,1577.7904270798006,2019.3045238410252,1689.975563945493,1291.2635129448909,131.96979150512698,137.9198799911538,664.2611587977894,97.48182530120631,17.926381445898993,1.7983537586518938,6.830159593551045,62.987688549844165,0.8507378868109168,25924.99054689136,32116.89947423012,36945.10241307686,56533.947454476634
2024-12-20,1677.802315616789,2003.564564593218,1547.9019586831632,1275.4697750857595,135.41829831976324,134.53197823125464,687.2152209056966,98.99104773635484,18.206551642998438,1.6978706696420798,5.350786000776148,63.07303623208053,0.8329271995723752,26156.437779676333,31778.77413786507,36173.29214049717,56896.554856743016
2024-12-21,1614.0459021230265,2165.1701948897794,1704.1074231340872,1340.227305878491,126.20560215228673,124.90370895303059,692.1217252052867,94.48348789505991,16.85662731826182,5.65300202095433,7.375019093836471,70.55494104480508,0.8159647441953131,26840.686878852517,32037.098077733008,37726.746001248175,59493.62996478494
2024-12-22,1582.5787284099665,2166.2417331693105,1597.8000860295142,1271.129540024732,131.80993937867336,134.71461177038657,660.9767375092545,92.00819935299147,18.512507446080292,6.969498313326782,0.8352194832348934,63.72371247162641,0.8680820208828719,26034.900438219054,30927.358718700278,36624.29566729058,58923.76171800398
2024-12-23,1702.5639748037424,2124.0643435858806,1680.9914436622244,1330.8062233493893,140.4118486547714,131.76730128406933,666.0411381044008,100.0,18.864659642212757,9.0249945532173,3.9299131876304205,64.74006551224491,0.8585561839437672,26835.175403953104,32044.818332283838,36883.75036932768,58629.89851323824
2024-12-24,1569.0492218733075,2045.9676244248478,1613.0772498938106,1345.047293628887,127.95667102744883,136.300562091301,641.0586926561426,95.85518153710586,15.945434725067432,4.343152366414533,2.919137172858827,66.55606631399777,0.8579296005620407,26934.28661417367,31883.282101349207,35886.53674754536,56726.07685048994
2024-12-25,1643.0568527686257,2150.52791225867,1602.6376380110323,1386.0491389518445,129.03881413797197,136.9932770151704,668.397047301461,97.53329702164221,16.29078178216456,8.688220660887868,2.5570162875771922,62.50013869964208,0.8399917025004421,27211.95325879599,33001.96792753237,36482.12562631357,59506.08167479713
2024-12-26,1589.1078384234756,2134.7972700716755,1840.9143223837502,1192.9141718004862,127.95813198084896,131.73308787717335,687.6265212216761,98.31815640551059,19.34092539346003,3.081479991347662,7.974980191889421,67.63642967316497,0.8338758312542399,25509.562602164176,30807.762829801115,39464.11002584306,60103.734714975035
2024-12-27,1661.6458460426886,2218.700748823013,1609.5648151285832,1255.1455776126943,132.12236737564558,128.84135619421937,656.2022375521642,96.15998393764339,17.285595843135756,8.924525411748013,2.948212364291944,66.379029979629,0.8832062375601567,25985.3726201752,31174.361019607946,36625.95869109263,60238.31463115998
2024-12-28,1535.56027179128,2048.11667656771,1671.89482016974,1270.3551641333534,127.41663475487017,132.14272899936094,645.4386518520154,95.37334395179877,18.350568724434716,7.885014448454653,2.2704284470901186,66.15245837614611,0.8390462093128387,26009.24017419368,31111.415955805925,36472.02986721187,57777.847178764445
2024-12-29,1623.03356450954,2038.9389051635958,1576.6048026464443,1317.2905259635602,130.38300124449032,128.31170981869778,674.4216884103722,96.08624920200918,16.49336413450995,9.434177660919206,6.011540395706038,65.05598949787041,0.816295403009425,26704.373946192678,32140.19420529343,36141.677564371515,57215.33663229636
2024-12-30,1620.7348712815608,2152.470793020077,1678.7962935695978,1417.681766713487,132.68455590297896,132.99803369242025,627.6328831659631,96.83020606055435,17.426982582508494,6.631326976468804,6.988331965714927,65.8861402226116,0.8499043449288626,26998.538215974033,33029.97674607843,36624.45834292893,59055.848665135374
